Comments,Sentiment
SUBSCRIBE NOW I SUSCRÃBETE â–º https://www.youtube.com/fcbarcelona ğŸ”µğŸ”´,Neutral
Yamal got his revenge on Nico Williams after Barcelona lost 4-2,Neutral
Indonesia semangat Fc barcdona ğŸ’ªğŸ¤™,Neutral
â›„â›„â›„â›„â›„â›„â›„â›„â›„,Neutral
ğŸ¥°ğŸ¥°ğŸ¥°ğŸ¥°ğŸ¥°ğŸ¥°ğŸ¥°ğŸ‡ªğŸ‡¸ğŸ‡ªğŸ‡¸ğŸ‡ªğŸ‡¸ğŸ‡ªğŸ‡¸ğŸ‡ªğŸ‡¸ğŸ‡ªğŸ‡¸ğŸ‡ªğŸ‡¸ğŸ‡ªğŸ‡¸ğŸ‡ªğŸ‡¸ğŸ‡ªğŸ‡¸ğŸ‡ªğŸ‡¸ğŸ‡ªğŸ‡¸ğŸ‡ªğŸ‡¸ğŸ‡ªğŸ‡¸ğŸ‡ªğŸ‡¸ğŸ‡ªğŸ‡¸ğŸ‡ªğŸ‡¸ğŸ‡ªğŸ‡¸âš½âš½âš½âš½âš½âš½âš½âš½âš½âš½âš½âš½âš½ğŸ‡¦ğŸ‡·ğŸ‡¦ğŸ‡·ğŸ‡ªğŸ‡¸âš½ğŸ‡ªğŸ‡¸ğŸ‡ªğŸ‡¸ğŸ‡ªğŸ‡¸ğŸ‡ªğŸ‡¸ğŸ‡ªğŸ‡¸ğŸ‡ªğŸ‡¸ğŸ„ğŸ„â›„â›„â›„â›„â›„,Neutral
ğŸ’œğŸ’œğŸ’œğŸ¤ğŸ¤ğŸ¥°ğŸ¥°,Neutral
0:36 ğŸ‡¦ğŸ‡·ğŸ‡¦ğŸ‡·ğŸ’œğŸ’œğŸ’œ,Neutral
ğŸ‡ªğŸ‡¸â¤ï¸â¤ï¸â¤ï¸â¤ï¸âš½âš½âš½ğŸ¥°â¤ï¸â¤ï¸â¤ï¸â¤ï¸ğŸ‡ªğŸ‡¸ğŸ‡ªğŸ‡¸ğŸ‡ªğŸ‡¸ğŸ‡ªğŸ‡¸ğŸ‡ªğŸ‡¸ğŸ‡ªğŸ‡¸ğŸ‡ªğŸ‡¸ğŸ‡ªğŸ‡¸ğŸ‡ªğŸ‡¸ğŸ“±ğŸ¤ğŸ¤ğŸ¤ğŸ’œğŸ’œğŸ‡¦ğŸ‡·ğŸ‡¦ğŸ‡·ğŸ‡¦ğŸ‡·ğŸ‡¦ğŸ‡·,Neutral
Lee Edward Lopez Kenneth Perez Edward,Neutral
Raphina played really well today,Positive
Anderson Donald Miller Edward White Jason,Neutral
Johnson Linda Lee Mark Thomas Nancy,Neutral
â¤â¤â¤â¤,Neutral
Barcelona â¤,Neutral
ğŸ’–ğŸ˜˜ğŸ‘ŒğŸ˜˜ğŸ‘ğŸ‘ğŸ¤©ğŸ¤©ğŸ¤©ğŸ’–â¤ï¸â¤ï¸ğŸ’•ğŸ¥°ğŸ’•ğŸ’â¤ï¸ğŸ”¥â£ï¸â£ï¸â£ï¸ Visca Barca women,Neutral
"funny that la liga main sponsor is EA SPORTS, and EFootball is in the goal ğŸ˜‚",Positive
Miller Christopher Jackson Patricia Brown Linda,Neutral
Martinez Helen Martinez Donald Thompson Deborah,Neutral
Anderson Susan Clark Kevin Thompson Gary,Neutral
Martinez Richard Moore Betty Clark Betty,Neutral
Thompson Larry Wilson Margaret Williams Elizabeth,Neutral
Lopez Steven Taylor Paul Jackson George,Neutral
Hall Maria Hall Dorothy Hernandez Margaret,Neutral
Allen Karen Lewis Margaret Hernandez Kevin,Neutral
ğŸ˜ŠğŸ˜ŠğŸ˜ŠğŸ˜Š,Neutral
â¤â¤â¤â¤,Neutral
Lamine yamal and Nico williams friendship is unbeatable.imagine these two in the same clubğŸ’€,Neutral
Clark Laura Miller Anthony Anderson Deborah,Neutral
3:06 That is the definition of a classic Lewandowski goal.,Positive
Not Nico allowing his friend to score.,Neutral
I Love FCB â¤ğŸ’™,Positive
Rapinhq thought he is zlatan,Neutral
Visca barcaâ¤ğŸ’™,Neutral
ForÃ§a BarÃ§a!,Neutral
Martin Nancy Davis Joseph Martin Larry,Neutral
777&100000000,Neutral
Athletic club is funnyğŸ˜‚,Neutral
This BarÃ§a is stronger than never.,Neutral
Niko look yamal shootğŸ˜‚,Neutral
Ğ–Ğ´ĞµĞ¼ Ñ€ĞµĞºĞ¾Ñ€Ğ´Ñ‹ Ğ¾Ñ‚ Ğ‘Ğ°Ñ€ÑÑ‹,Neutral
Ğ‘Ğ°Ñ€ÑĞ° Ğ¿Ñ€Ğ¸ Ğ¥Ğ°Ğ½ÑĞ¸ Ğ¤Ğ»Ğ¸ĞºĞ° ÑÑ‚Ğ°Ğ»Ğ¾ ÑĞ¸Ğ»ÑŒĞ½ĞµĞµ ğŸ’™â™¥,Neutral
nico needs to come to barca man!,Neutral
asune gatel itile yahene wes nek saluran itil fc barselona,Neutral
Well done Lewandowski,Neutral
Lamine is crazyğŸ˜®,Neutral
Barca asu,Neutral
Bravo Lamine Yamal!! ğŸ‘ğŸ‘ğŸ‘ğŸ‘ğŸ‘ğŸ‘ğŸ‘ğŸ‘ğŸ‘,Neutral
00:43 SÃ³ eu lembrei do Messi?,Neutral
2:23 ğŸ˜®,Neutral
ğŸ’™â¤ğŸ’¥âœŒ,Neutral
i would die of joy if i recevied a new subscriber notificationğŸ˜­ğŸ˜­ğŸ˜­ğŸ˜­ğŸ˜­ğŸ˜­ğŸ˜­,Positive
Ğ›ĞµĞ²Ğ° Ğ²Ğ¾Ğ·Ğ²Ñ€Ğ°Ñ‰Ğ°ĞµÑ‚ÑÑ Ğ±Ğ»Ğ°Ğ³Ğ¾Ğ´Ğ°Ñ€Ñ Ğ¤Ğ»Ğ¸ĞºÑƒ,Neutral
barca sucks,Negative
"You score a great goal against France in a big tournament, this shows that you are a great player or will be, but if I see you wanting to score the same goal in every match and in every attack, this is a trap for you and your future.",Positive
I'm not Barca fans but love lewa,Positive
Barcelona never sell Lamine Yamal. You literally have the next Balon D' Or in your hands.,Neutral
dos errores del arquero,Neutral
ğŸ”µâ¤ï¸,Neutral
Idc what anyone says but lewa is hands done the best strikers of this generation itâ€™s really between Suarez benzi and lewa which imo Suarez is just top top heâ€™s showed that at Liverpool and then itâ€™s lewa and then benzi,Positive
They messed up my precious Barca ğŸ¥¹ğŸ¥¹,Positive
"Truth be told!!
Barcelona has been playing better since Hansi flick took over. Their positioning and their passes are getting better. He is doing a great job I must confessâ€¦

Iâ€™ll give him that credit â¤ï¸",Positive
This style of play is so unlike Barcelona,Neutral
Raphinha its not Ney / Laporte -OUT,Neutral
levandowsky is now. a lucky lottery goal makerğŸ¤£,Positive
diflection,Neutral
Heare also yamal didint bend it.. its just a gods difection.. A ho,Neutral
My boy Ferran balling out,Neutral
"Barca will do a lot better in this season. Their mentality seems to be better than last season. Hope, they win at least two trophies including the La Liga.",Positive
0:37,Neutral
Levan comilon.,Neutral
Me encanta el relato aldo mudo.,Neutral
"It looks like Barca can make some show right now, but everybody need to focus on wining trophies not just make ppl love the weay they playâ¤",Positive
Raphinha MVP --->,Neutral
"El gol no es de Lamin, es en propia no?",Neutral
Reeeeallly enjoyed watching this game!,Neutral
"Lewandoskies Positioning is perfect I have to say 
He knows where to be when the ball is crossed",Positive
I love barca. And this barca is looking good.,Positive
Lewa looking sharp despite being 36,Negative
Si alex padilla no es titular de la seleccion mexicana seria un groseria,Positive
hai,Neutral
ğŸ’ªğŸ½ğŸ’ªğŸ½ğŸ’ªğŸ½ğŸ’ªğŸ½ğŸ’ªğŸ½ğŸ”¥ğŸ”¥ğŸ”¥ğŸ”¥,Neutral
ğŸ’™â¤ğŸ,Neutral
ğŸ’™â™¥ï¸ğŸ˜,Neutral
ğŸ’™â™¥ï¸,Neutral
"0:36 Best goal of the match fr
Lewandowski on fire!
Raphina deserved Man Of the Match",Positive
â¤ğŸ‰,Neutral
Visca el BarÃ§a ğŸ’™â¤ï¸ğŸ’™â¤ï¸ğŸ’™â¤ï¸,Neutral
ğŸ’™â™¥ï¸,Neutral
â™¥ï¸â™¥ï¸â™¥ï¸,Neutral
ğŸ’™ğŸ’™ğŸ’™ğŸ’™,Neutral
â¤â¤â¤â¤,Neutral
4.07,Neutral
Funfact: Lewy hits twice same spot of the post.,Neutral
ğŸ’™ğŸ’™ğŸ’™ğŸ’™,Neutral
â¤â¤â¤â¤â¤,Neutral
â¤â¤â¤â¤,Neutral
â™¥ï¸â™¥ï¸â™¥ï¸â™¥ï¸,Neutral
ğŸ’™ğŸ’™ğŸ’™ğŸ’™,Neutral
â¤â¤â¤â¤,Neutral
â¤â¤â¤â¤â¤â¤,Neutral
I love Barcelona yamal best,Positive
ğŸ’™â¤,Neutral
El partido de raphina fue buenÃ­simo,Neutral
â¤,Neutral
Yamal and Nico are good friendsğŸ˜‚,Positive
barca . barca . vamos por mas triunfos .,Neutral
Narazie extra Brawa Barca.. Yamal piÄ™kny gol i Lewy ğŸ–ï¸ğŸˆâš½ğŸˆâš½ğŸˆâš½ğŸˆğŸ˜ğŸ‡µğŸ‡±,Neutral
"Theres literally no competition in todays Football. 
It has become overhyped, players are overpriced.

Who watches Football in todays era anyway?

The 90s and early 2000's had An Era of Living Legends!

Now people go crazy for YamalğŸ¤£
This dude wouldnt even go pro if he played in the early 2000's.",Negative
â¤â¤â¤ğŸ‰,Neutral
â¤â¤â¤â¤â¤,Neutral
Forca Barcaâ¤â¤â¤,Neutral
â¤â¤,Neutral
El barÃ§a da miedo y con el 90xciento de la plantilla espaÃ±oles no como el mandrid todo mercenariosğŸ˜‚ğŸ˜‚ğŸ˜‚,Neutral
ğŸ‰ğŸ˜¢,Neutral
waduh kirike wes bengesan pk kcm,Neutral
Yamal is a wonder kid.,Neutral
Bisca el Barca,Neutral
VAYA PRINGAOS EL NICO WILLIAMS QUE NO LE METE EL PIE A LAMINE,Neutral
Visca el BarÃ§aaaa ğŸ”µğŸ”´ğŸ”µğŸ”´ğŸ¥³,Neutral
18 milhÃµes de seguidores ğŸ”´ğŸ”µğŸ”´ğŸ”µğŸ¥³ğŸ¥³ğŸ¥³ğŸ¥³,Neutral
Barcelona back to it's glory,Neutral
Celebrate win for the small clubsğŸ˜‚ğŸ˜‚ğŸ˜‚ğŸ˜‚,Positive
Muy contento por Kenneth Branagh y su rÃ¡pida adaptaciÃ³n al banquillo del Barcelona. Parece que la Copa de Europa que ganÃ³ con el Bayern no fue flor de un dÃ­a. Y todo esto viniendo de un mundo tan diferente como el cine.,Neutral
ğŸ˜‚ğŸ˜…ğŸ˜‚ğŸ˜…,Neutral
ğŸ”¥ğŸ‘ğŸ»â¤ğŸ’™ğŸ”¥ğŸ¤™ğŸ¼,Neutral
Love from bangaldash.,Positive
â¤,Neutral
ğŸ¤,Neutral
ğŸ‰ğŸ‰ğŸ‰ğŸ‰ğŸ‰,Neutral
Young Jennifer Lewis Margaret Perez Kimberly,Positive
ğŸ’ªğŸ½,Neutral
the best club,Positive
â¤â¤â¤,Neutral
VERY GOOD!,Positive
Lewadisney ğŸ¤¡ğŸ¤¡ğŸ¤¡,Neutral
WHY THE HELL IS NICO NOT MARKING LAMAL.......ğŸ˜€ğŸ˜ƒğŸ˜„......FRIENDSHIP HUH......,Neutral
Ø§Ù„Ù…ØºØ±Ø¨ÙŠ Ø³Ø¬Ù„ Ù…Ø¹ Ø¨Ø±Ø´Ù„ÙˆÙ†Ø© ÙˆØ§Ù„Ù…ØºØ±Ø¨ÙŠ Ø³Ø¬Ù„ Ù…Ø¹ Ø±ÙŠØ§Ù„ Ù…Ø¯Ø±ÙŠØ¯,Neutral
"Respect for @Raphina..
He deserves to stay.ğŸ’™â¤ï¸",Neutral
Lewy he he 36 years . Giga chadğŸ˜,Neutral
Iranâ¤â¤â¤â¤ darselona,Neutral
visca barca viska catalonia aide male jamal,Neutral
1:47 Am crezut cÄƒ piciorul lui este ruptğŸ¥´,Neutral
Lewandoski should have had a hat-trick in this match ğŸ˜¢ğŸ˜¢ğŸ˜¢,Neutral
*-Love-**  from **_iraq ğŸ’™ğŸ‡®ğŸ‡¶â¤_*,Positive
Guest lamine had anather checkmate ğŸ˜,Neutral
ğŸ˜ŠğŸ˜ŠğŸ˜ŠğŸ˜Š,Neutral
Barcelona are still playing good football and that's what we want however they are still yet to prove it against to tier teams,Positive
ğŸ‰ğŸ‰ğŸ‰ğŸ‰,Neutral
"Ù…Ù„Ø§Ø­Ø¸Ø© :
Ù„Ù…Ù† ÙŠÙ‡Ù…Ø© Ø§Ù„Ø§Ù…Ø± Ù†Ø·Ø§Ù„Ø¨ Ø¨Ø¹ÙˆØ¯Ù‡Ø© Ù…ÙŠØ³ÙŠ Ø§Ù„Ù‰ Ø¨Ø±Ø´Ù„ÙˆÙ†Ø©Ø©ğŸ˜Š

ÙˆØ´ÙƒØ±Ø§",Neutral
joanâ¤ğŸ’™,Neutral
g,Neutral
"all these youngsters nowadays only care about their off field lifestyle. no aggression no spirit to push hard enough in the competition. it's dead, sports players focus on their own brand fame money",Positive
Vamos Barca!!!!!!,Neutral
"Old Lewandolski is back to destroy La liga, he want to do the same thing like in Bundesliga",Negative
"AIR LAUT
ğŸŒ¦ï¸
ğŸŒŠ
ğŸŒ…
ğŸŒ¦ï¸
ğŸŒ§ï¸
ğŸ’§
TAI",Neutral
Lewa so good,Positive
ğŸ‘ğŸ‘ğŸ‘,Neutral
0:51 was cold,Negative
gotta appreciate raphinha too.,Neutral
"*Rafinha, monstro da 11, Carregando em... ğŸ”¥ Chama ğŸ‡§ğŸ‡·ğŸ˜œ",Neutral
Ø¨Ø±Ø´Ù„ÙˆÙ†Ø© Ø§Ù„Ø¹Ø´Ù‚ Ø§Ù„Ø£Ø¨Ø¯ÙŠ âœ¨â¤ï¸ğŸ’™ğŸ«€â™¾ï¸,Neutral
Ø¨Ø±Ø´Ù„ÙˆÙ†Ø© Ø§Ù„Ø¹Ø´Ù‚ Ø§Ù„Ø£Ø¨Ø¯ÙŠ âœ¨â¤ï¸ğŸ’™ğŸ«€â™¾ï¸,Neutral
Lewandowski is a striker he think he is,Neutral
ÙÙŠØ³ÙƒØ§ Ø¨Ø±Ø´Ø§ Ù„Ù„Ø£Ø¨Ø¯ âœ¨â¤ï¸ğŸ’™ğŸ«€â™¾ï¸,Neutral
Ø§Ù„Ø­Ù…Ø¯ Ù„Ù„Ù‡,Neutral
Yamal ğŸ˜˜ğŸ˜˜ğŸ˜˜,Neutral
"3:22 ""Eso no pasaria si fueras del barca"" ese yamal es un loquillo jajaja",Neutral
Wow my team what a game vamooooos barca flick thank you so much flick great coach ğŸ«¡â¤ï¸ğŸ’™,Positive
Hansi flick el mejor fichaje ğŸ‘ŒğŸ‘ŒğŸ‘Œ,Neutral
Well done âœ… guy's â¤ï¸,Neutral
lewy z lewej..hehehe,Neutral
ğŸ’šğŸ’šğŸ’šğŸ’šğŸ’šğŸ‡­ğŸ‡¹ğŸ‡­ğŸ‡¹ğŸ‡­ğŸ‡¹ğŸ‡­ğŸ‡¹,Neutral
"ì•ˆë…•í•˜ì„¸ìš”, ë°”ë¥´ì…€ë¡œë‚˜ë‹˜!!ì €ëŠ” ìƒí™œê³¼ ìœ¤ë¦¬ ìˆ˜ì—…ì—ì„œ ì„ í”Œ ì‘ì„± í™œë™ì„ í•˜ê³  ìˆëŠ” ë²Œêµê³ ë“±í•™êµ 3í•™ë…„ í•™ìƒì…ë‹ˆë‹¤. í•­ìƒ ë©‹ì§„ ê²½ê¸°ì™€ ì¢‹ì€ ì—­ì‚¬ë“¤ë¡œ ì €ì—ê²Œ ê°ë™ì„ ì£¼ì…”ì„œ ê°ì‚¬í•©ë‹ˆë‹¤. ì•ìœ¼ë¡œë„ ì¢‹ì€ ê²½ê¸° ë¶€íƒí•©ë‹ˆë‹¤!!!",Neutral
ğŸ’ªâ¤ï¸ğŸ’™ğŸ˜,Neutral
"No money, no nicoğŸ˜‚... Also no olmoğŸ˜‚ğŸ¤¡",Neutral
"Equipo mÃ¡s frontal, mÃ¡s movimientos, toques rÃ¡pidos y sobre todo que ahora se buscan para jugar a un toque. El cambio que se necesitaba con el entrenador.",Neutral
Lewandowski no era su dÃ­a con dos palos,Neutral
"Lamine scored a remix of his goal against France, but this time with his buddy Nico defending him.",Neutral
Visca barsa.ğŸ‰,Neutral
The hat tricks will come,Neutral
"Guess if you canâ€™t see it, Niko made an assist, he poorly defended his friend, letting him to have itğŸ˜¢how do u call that ?",Negative
",, lewa is finished "" finished what his bad erağŸ˜…ğŸ˜‚ lewa prime is coming back?ğŸ˜®ğŸ˜‚",Negative
What's up with the title?,Neutral
Yamal ğŸ‡¬ğŸ‡¶,Neutral
Fc BARâ¤â¤â¤ğŸ˜‚,Neutral
Ø§Ù„Ø­Ø±Ø¨ Ø§Ù„ÙƒØ±ÙˆÙŠØ©ğŸ‰,Neutral
Nico membiarkan Yamal ğŸ˜… respect â¤,Neutral
BARCA. ğŸ”¥ğŸ”¥ğŸ”¥,Neutral
Why do I still have a feeling that Nico will eventually join this team 3:40,Neutral
LOVE FCBâ¤â¤â¤ğŸ‰ğŸ‰ğŸ‰,Positive
ğŸ’ªğŸ½ğŸ’ªğŸ½ğŸ’ªğŸ½ğŸ’ªğŸ½ğŸ’ªğŸ½,Neutral
Lewa ğŸ”¥ğŸ”¥ğŸ”¥ğŸ”¥,Neutral
Hang on Lewa until we find or create a world class Striker,Neutral
Lewangoalski ğŸ’™â¤ï¸,Neutral
Golazo Lamine yamal ğŸ‡ªğŸ‡¦ğŸ’™â¤ï¸,Neutral
â¤â¤â¤â¤,Neutral
Visca BarÃ§a.ğŸ”¥,Neutral
Iniko Williams huhğŸ˜‚ğŸ˜‚ğŸ˜‚,Neutral
â­â­â­,Neutral
â­â­â­â­,Neutral
Lewy goat,Neutral
ğŸ‰âš½ï¸â™¾ï¸âš½ï¸ğŸ’–ğŸ‘ğŸ‘ğŸ‘ğŸ¤™ğŸ‰,Neutral
Just Robert polish pride,Neutral
Apenas,Neutral
Lewandowski - loser!!!,Neutral
Barca is on fireğŸ”¥ğŸ”¥,Neutral
Lewa lewa,Neutral
La camiseta que esta puesta Dani Olmo que camiseta... MÃ¡s informaciÃ³n,Neutral
â¤ğŸ’™,Neutral
On any other day Lewa has four goals here lol,Positive
Lamine yamaaaaaallll vamoossss,Neutral
Barca SiğŸ™†â€â™‚ï¸  Laporta NoğŸ™…â€â™‚ï¸,Neutral
ğŸ‘,Neutral
Que bien estÃ¡ Lewandoski vamoooooooooos!!!â€¦.,Neutral
Love from Bangladesh // Lamine Yamal,Positive
"ĞŸĞĞ›Ğ¬Ğ¨Ğ• Ğ˜ Ğ“Ğ•Ğ ĞœĞĞĞ˜Ğ˜ Ğ¡Ğ•Ğ™Ğ§ĞĞ¡ Ğ’Ğ« Ğ£ĞšĞ ĞĞ˜ĞĞ¦Ğ« ĞĞ£Ğ–ĞĞ« - ĞœĞ˜Ğ ĞĞ’Ğ«ĞœĞ˜ Ğ ĞĞ‘ĞĞœĞ˜! Ğ¢Ğ Ğ£Ğ”ĞĞœ Ğ£ĞšĞ ĞĞ˜ĞĞ¦Ğ•Ğ’ Ğ¢ĞĞš Ğ­Ğ¢Ğ˜ Ğ¡Ğ¢Ğ ĞĞĞ« Ğ’ Ğ•Ğ’Ğ ĞĞŸĞ• ĞŸĞĞ”ĞĞ˜ĞœĞĞ®Ğ¢ Ğ¡Ğ’ĞĞ® Ğ­ĞšĞĞĞĞœĞ˜ĞšĞ£!!!  Ğ£ĞšĞ ĞĞ˜ĞĞ¦Ğ« Ğ’ Ğ­Ğ¢Ğ˜Ğ¥ Ğ¡Ğ¢Ğ ĞĞĞĞ¥ Ğ ĞĞ‘ĞĞ¢ĞĞ®Ğ¢ Ğ”Ğ›Ğ¯ ĞŸĞ ĞĞ¦Ğ’Ğ•Ğ¢ĞĞĞ˜Ğ¯ ĞĞĞ ĞĞ”ĞĞ’ Ğ’ Ğ­Ğ¢Ğ˜Ğ¥ Ğ¡Ğ¢Ğ ĞĞĞĞ¥!!!  Ğ Ğ¢Ğ•Ğ Ğ Ğ˜Ğ¢ĞĞ Ğ˜Ğ® Ğ£ĞšĞ ĞĞ˜ĞĞ« ĞĞĞ˜ Ğ”ĞĞ’ĞĞ ĞĞ ĞšĞĞ Ğ¢ĞĞ¥ Ğ ĞĞ—Ğ”Ğ•Ğ›Ğ˜Ğ›Ğ˜ ĞœĞ•Ğ–Ğ”Ğ£ Ğ¡Ğ¢Ğ ĞĞĞĞœĞ˜ Ğ˜ Ğ¡Ğ¨Ğ, Ğ•Ğ¡, Ğ•Ğ’Ğ ĞĞŸĞ«, Ğ‘Ğ›ĞĞšĞĞœ Ğ¡Ğ¢Ğ ĞĞ ĞĞĞ¢Ğ Ğ˜ Ğ”Ğ Ğ£Ğ“Ğ˜ĞœĞ˜ Ğ¡Ğ¢Ğ ĞĞĞĞœĞ˜, ĞšĞ¢Ğ Ğ’ĞĞœ - ĞŸĞĞ› ĞœĞ˜Ğ Ğ Ğ¡Ğ¢Ğ ĞĞ - ĞŸĞĞ¡Ğ¢ĞĞ’Ğ›Ğ¯Ğ•Ğ¢ Ğ’ĞĞĞ Ğ£Ğ–Ğ•ĞĞ˜Ğ•, Ğ§Ğ¢ĞĞ‘Ğ« Ğ’Ğ« Ğ£ĞšĞ ĞĞ˜ĞĞ¦Ğ« - Ğ£Ğ‘Ğ˜Ğ’ĞĞ›Ğ˜ Ğ¡Ğ’ĞĞ™ ĞĞĞ ĞĞ” Ğ£ĞšĞ ĞĞ˜ĞĞ«, Ğ”Ğ•Ğ¢Ğ˜Ğ¨Ğ•Ğš Ğ£ĞšĞ ĞĞ˜ĞĞ«, Ğ Ğ¢Ğ•ĞŸĞ Ğ•Ğ¬ Ğ˜ Ğ ĞĞ¡Ğ¡Ğ˜Ğ˜!!!  Ğ’ĞĞ¡ Ğ¡ĞœĞ•Ğ¨ĞĞ¢ Ğ˜ Ğ ĞĞ—Ğ’Ğ›Ğ•ĞšĞĞ®Ğ¢, ĞšĞĞš Ğ—ĞĞœĞ‘Ğ˜ - Ğ¡ĞĞœĞĞ£Ğ‘Ğ˜Ğ™Ğ¦ ĞĞ‘Ğ’Ğ•Ğ¨ĞĞ’ Ğ’ĞĞ¡ Ğ¡Ğ’ĞĞ˜ĞœĞ˜ ĞŸĞĞ¡Ğ¢ĞĞ’Ğ›Ğ•ĞĞĞ«ĞœĞ˜ Ğ’ĞĞĞ Ğ£Ğ–Ğ•ĞĞ˜Ğ¯ĞœĞ˜, Ğ§Ğ¢ĞĞ‘Ğ« Ğ’Ğ« Ğ”ĞĞ–Ğ• ĞŸĞ•Ğ Ğ•Ğ” Ğ¡ĞœĞ•Ğ Ğ¢Ğ¬Ğ® ĞĞ• ĞŸĞĞĞ¯Ğ›Ğ˜, Ğ§Ğ¢Ğ Ğ˜Ğ¥ Ğ¦Ğ•Ğ›Ğ¬ Ğ£Ğ‘Ğ˜Ğ¢Ğ¬ Ğ£ĞšĞ ĞĞ˜ĞĞ¦Ğ•Ğ’, ĞŸĞ£Ğ¢Ğ˜ĞĞ Ğ˜ Ğ ĞĞ¡Ğ¡Ğ˜Ğ® Ğ˜ Ğ—ĞĞ¥Ğ’ĞĞ¢Ğ˜Ğ¢Ğ¬ Ğ’ ĞŸĞ•Ğ Ğ’Ğ£Ğ® ĞĞ§Ğ•Ğ Ğ•Ğ”Ğ¬ Ğ—Ğ•ĞœĞ›Ğ˜ Ğ£ĞšĞ ĞĞ˜ĞĞ«, Ğ ĞŸĞĞ¢ĞĞœ Ğ˜ Ğ ĞĞ¡Ğ¡Ğ˜Ğ˜!!!!  Ğ”ĞĞ–Ğ• Ğ”ĞĞ’ĞĞ ĞŸĞ Ğ•Ğ”Ğ›ĞĞ–Ğ˜Ğ›Ğ˜ ĞŸĞ•Ğ Ğ•Ğ’Ğ•Ğ—Ğ¢Ğ˜ ĞĞ Ğ¡ĞĞ¥Ğ ĞĞĞ•ĞĞ˜Ğ• Ğ’ ĞŸĞĞ›Ğ¬Ğ¨Ğ£ ĞŸĞ•Ğ Ğ•Ğ”Ğ’Ğ˜Ğ–ĞĞ«Ğ• ĞœĞĞ¢Ğ•Ğ Ğ˜ĞĞ›Ğ¬ĞĞ«Ğ• ĞšĞ£Ğ›Ğ¬Ğ¢Ğ£Ğ ĞĞ«Ğ• Ğ¦Ğ•ĞĞĞĞ¡Ğ¢Ğ˜ Ğ£ĞšĞ ĞĞ˜ĞĞ«!!! Ğ£ĞšĞ ĞĞ˜ĞĞ¦Ğ«!!!  Ğ’Ğ« Ğ”Ğ£Ğ ĞĞ«Ğ•??? Ğ’ĞĞ¨Ğ˜ Ğ’Ğ¡Ğ• - ĞĞĞ ĞĞ”Ğ Ğ£ĞšĞ ĞĞ˜ĞĞ« Ğ¦Ğ•ĞĞĞĞ¡Ğ¢Ğ˜ ĞĞ Ğ¡ĞĞ¥Ğ ĞĞĞ•ĞĞ˜Ğ• Ğ’ ĞŸĞĞ›Ğ¬Ğ¨Ğ£ -  Ğ—ĞĞĞ§Ğ˜Ğ¢ Ğ”ĞĞ ĞĞ“Ğ Ğ¡Ğ¢ĞĞ¯Ğ¢ Ğ˜ ĞŸĞ•Ğ Ğ•Ğ’Ğ•Ğ—Ğ¢Ğ˜ ĞĞ """"Ğ¡ĞĞ¥Ğ ĞĞĞ•ĞĞ˜Ğ•""""??!!! Ğ Ğ’Ğ« - ĞŸĞ£Ğ¨Ğ•Ğ§ĞĞĞ• ĞšĞ ĞĞ’ĞĞ’ĞĞ• ĞœĞ¯Ğ¡Ğ Ğ˜ Ğ¡ĞĞœĞĞ£Ğ‘Ğ˜Ğ™Ğ¦Ğ« - Ğ’ĞĞ®Ğ™Ğ¢Ğ•, Ğ§Ğ¢ĞĞ‘Ğ« Ğ¡Ğ¨Ğ Ğ˜ ĞŸĞĞ› ĞœĞ˜Ğ Ğ Ğ£Ğ‘Ğ˜Ğ™Ğ¦ Ğ£ĞšĞ ĞĞ˜ĞĞ« Ğ˜ Ğ ĞĞ¡Ğ¡Ğ˜Ğ˜ Ğ–Ğ˜Ğ Ğ•Ğ›Ğ˜ Ğ”ĞĞ›Ğ¬Ğ¨Ğ• Ğ’ ĞœĞ˜Ğ Ğ• Ğ˜ Ğ£Ğ–Ğ• ĞĞ Ğ’ĞĞ¨Ğ˜Ğ¥ Ğ’ Ğ˜Ğ¢ĞĞ“Ğ• Ğ—ĞĞ¥Ğ’ĞĞ§Ğ•ĞĞĞ«Ğ¥ ĞŸĞĞ¢ĞĞœ - Ğ—Ğ•ĞœĞ›Ğ¯Ğ¥ Ğ˜ Ğ£ĞšĞ ĞĞ˜ĞĞ« Ğ˜ Ğ ĞĞ¡Ğ¡Ğ˜Ğ˜!!  Ğ˜Ğœ Ğ’Ğ¡Ğ•Ğœ ĞĞĞ”Ğ Ğ—Ğ•ĞœĞ›Ğ˜ Ğ˜ ĞŸĞĞ›Ğ•Ğ—ĞĞ«Ğ• Ğ˜Ğ¡ĞšĞĞŸĞĞ•ĞœĞ«Ğ• Ğ˜ Ğ£ĞšĞ ĞĞ˜ĞĞ« Ğ˜ Ğ ĞĞ¡Ğ¡Ğ˜Ğ˜!!!!  ĞšĞĞŸĞ˜Ğ¢ĞĞ›Ğ˜Ğ—Ğœ - ĞœĞĞĞ¡Ğ¢Ğ  - Ğ›Ğ®Ğ”ĞĞ•Ğ” Ğ˜ Ğ£Ğ‘Ğ˜Ğ™Ğ¦Ğ Ğ—Ğ•ĞœĞ›Ğ¯Ğ!!! Ğ˜Ğ¥ Ğ¦Ğ•Ğ›Ğ¬ Ğ—ĞĞ¥Ğ’ĞĞ¢ ĞœĞ˜Ğ Ğ Ğ’Ğ¡Ğ•Ğ“Ğ Ğ˜ Ğ›Ğ®Ğ‘Ğ«Ğœ ĞŸĞ£Ğ¢ĞĞœ - Ğ¡ĞĞšĞ ĞĞ©Ğ•ĞĞ˜Ğ• ĞœĞĞ¡Ğ¡ĞĞ’ĞĞ• ĞĞĞ¡Ğ•Ğ›Ğ•ĞĞ˜Ğ¯ ĞĞ Ğ—Ğ•ĞœĞ›Ğ•!!!  ĞœĞ˜Ğ ĞĞœ ĞŸĞ ĞĞ’Ğ˜Ğ¢ Ğ¡ĞĞ¢ĞĞĞ Ğ˜ Ğ¡ĞĞ¢ĞĞĞ˜Ğ¡Ğ¢Ğ«!!!  ĞŸĞĞ­Ğ¢ĞĞœĞ£ Ğ¢ĞĞšĞĞ¯ Ğ¢Ğ ĞĞ’Ğ›Ğ¯ ĞŸĞ£Ğ¢Ğ˜ĞĞ Ğ˜ ĞŸĞ ĞĞ›Ğ˜Ğ¢Ğ˜Ğ• ĞšĞ ĞĞ’Ğ˜ Ğ˜ Ğ’ Ğ£ĞšĞ ĞĞ˜ĞĞ• Ğ˜ Ğ’ Ğ ĞĞ¡Ğ¡Ğ˜Ğ˜!!!  Ğ’Ğ Ğ’Ğ¡ĞĞœ Ğ“ĞĞ Ğ• Ğ˜ Ğ’ Ğ¡ĞœĞ•Ğ Ğ¢Ğ¯Ğ¥ Ğ˜ Ğ’ Ğ£ĞšĞ ĞĞ˜ĞĞ• ĞĞĞ¡Ğ•Ğ›Ğ•ĞĞ˜Ğ¯ Ğ˜ Ğ”Ğ•Ğ¢ĞĞš, Ğ˜  Ğ¢Ğ•ĞŸĞ•Ğ Ğ¬ Ğ˜ ĞĞ Ğ¢Ğ•Ğ Ğ Ğ˜Ğ¢ĞĞ Ğ˜Ğ˜  Ğ’ Ğ ĞĞ¡Ğ¡Ğ˜Ğ˜ - Ğ’Ğ˜ĞĞĞ’ĞĞ¢ - Ğ¢ĞĞ›Ğ¬ĞšĞ - Ğ¡Ğ¨Ğ!!! ĞĞĞ“Ğ›Ğ Ğ”ĞĞ–Ğ• Ğ˜Ğ—Ğ”Ğ•Ğ’ĞĞ®Ğ¢Ğ¡Ğ¯, Ğ§Ğ¢Ğ ĞŸĞ£Ğ¢Ğ˜Ğ Ğ‘Ğ«Ğ› ĞĞ• Ğ“ĞĞ¢ĞĞ’ Ğ’ĞĞ•Ğ’ĞĞ¢Ğ¬!!!???  Ğ’Ğ« ĞŸĞ ĞĞ’Ğ«!!!  Ğ’ĞĞ¢ Ğ“Ğ”Ğ• Ğ’Ğ« Ğ¡ĞšĞĞ—ĞĞ›Ğ˜ ĞŸĞ ĞĞ’Ğ”Ğ£ ĞĞ Ğ’Ğ•Ğ¡Ğ¬ ĞœĞ˜Ğ !!!  Ğ¡Ğ¨Ğ Ğ˜ ĞŸĞĞ› ĞœĞ˜Ğ Ğ Ğ¡Ğ¢Ğ ĞĞ Ğ•Ğ¡, Ğ•Ğ’Ğ ĞĞŸĞ«, Ğ‘Ğ›ĞĞšĞ ĞĞĞ¢Ğ - ĞĞ§Ğ•ĞĞ¬ Ğ”ĞĞ’ĞĞ Ğ“ĞĞ¢ĞĞ’Ğ˜Ğ›Ğ˜Ğ¡Ğ¬ Ğ’ĞĞ•Ğ’ĞĞ¢Ğ¬ Ğ˜ Ğ£Ğ‘Ğ˜Ğ¢Ğ¬ ĞŸĞ£Ğ¢Ğ˜ĞĞ Ğ˜ ĞĞĞ ĞĞ” Ğ ĞĞ¡Ğ¡Ğ˜Ğ˜ - ĞŸĞ Ğ¢Ğ Ğ£ĞŸĞĞœ Ğ£ĞšĞ ĞĞ˜ĞĞ¦Ğ•Ğ’ - ĞĞ‘Ğ’Ğ•Ğ¨ĞĞĞĞ«Ğ¥ ĞŸĞĞ¡Ğ¢ĞĞ’Ğ›Ğ•ĞĞĞ«Ğœ Ğ’ĞĞœĞ˜ Ğ’ĞĞĞ Ğ£Ğ–Ğ•ĞĞ˜Ğ¯ĞœĞ˜!!!  ĞŸĞ£Ğ¢Ğ˜Ğ Ğ—ĞĞ©Ğ˜Ğ©ĞĞ•Ğ¢ Ğ˜ Ğ£ĞšĞ Ğ Ğ˜ĞĞ£ Ğ˜ Ğ ĞĞ¡Ğ¡Ğ˜Ğ® ĞĞ¢ ĞœĞ˜Ğ ĞĞ’ĞĞ“Ğ Ğ£Ğ‘Ğ˜Ğ™Ğ¦Ğ« Ğ¡Ğ¨Ğ Ğ˜ Ğ•Ğ“Ğ Ğ¡Ğ›Ğ£Ğ“ ĞĞĞ¢Ğ!!! Ğ¢ĞĞš Ğ¡Ğ¨Ğ Ğ£Ğ‘Ğ˜Ğ’ĞĞ•Ğ¢ Ğ”Ğ’Ğ Ğ‘Ğ ĞĞ¢Ğ¡ĞšĞ˜Ğ¥ ĞĞĞ ĞĞ”Ğ - Ğ ĞĞ¡Ğ¡Ğ˜Ğ˜ Ğ˜ Ğ£ĞšĞ ĞĞ˜ĞĞ«!!!  Ğ¡Ğ¨Ğ Ğ£Ğ‘Ğ˜Ğ’ĞĞ•Ğ¢ Ğ¥Ğ Ğ˜Ğ¡Ğ¢Ğ˜ĞĞĞ¡Ğ¢Ğ’Ğ!!! Ğ¡Ğ¨Ğ Ğ¢ĞĞš Ğ—ĞĞ¥Ğ’ĞĞ¢Ğ«Ğ’ĞĞ•Ğ¢ Ğ¢Ğ•Ğ Ğ Ğ˜Ğ¢ĞĞ Ğ˜Ğ˜ Ğ¡Ğ¢Ğ ĞĞ ĞĞ Ğ—Ğ•ĞœĞ›Ğ• Ğ”ĞĞ›Ğ¬Ğ¨Ğ•!!!",Neutral
"ĞšĞĞœĞœĞ•ĞĞ¢ĞĞ Ğ˜Ğ™ Ğš Ğ’Ğ˜Ğ”Ğ•Ğ Ğ Ğ’Ğ«Ğ¡Ğ¢Ğ£ĞŸĞ›Ğ•ĞĞ˜Ğ˜ ĞŸĞ Ğ˜Ğ•Ğ¥ĞĞ’Ğ¨Ğ•Ğ“Ğ Ğ’ Ğ£ĞšĞ ĞĞ˜ĞĞ£ Ğ“ĞĞ¡Ğ¢Ğ¯... Ğ•Ğ¡Ğ¢Ğ¬ ĞŸĞĞ“ĞĞ’ĞĞ ĞšĞ Ğ’ ĞĞĞ ĞĞ”Ğ• - ĞĞĞ“Ğ›ĞĞ¡Ğ¢Ğ¬ ĞĞ• ĞŸĞĞ ĞĞš. ĞĞ! ĞĞĞ”Ğ Ğ¡ĞĞ’Ğ•Ğ¡Ğ¢Ğ¬ Ğ˜ĞœĞ•Ğ¢Ğ¬!!!!!  Ğ, Ğ¡ĞĞ’Ğ•Ğ¡Ğ¢Ğ˜ Ğ’ĞĞĞ‘Ğ©Ğ• - ĞĞ•Ğ¢!!! Ğ’Ğ¡Ğ•Ğœ Ğ’ Ğ£ĞšĞ ĞĞ˜ĞĞ• Ğ˜ Ğ’ ĞœĞ˜Ğ Ğ• Ğ¡ĞœĞĞ¢Ğ Ğ•Ğ¢Ğ¬ Ğ¤Ğ˜Ğ›Ğ¬Ğœ Ğ’Ğ Ğ•ĞœĞĞ Ğ¡Ğ¡Ğ¡Ğ  - ĞŸĞ•Ğ Ğ’Ğ«Ğ™, ĞšĞĞ¢ĞĞ Ğ«Ğ™ Ğ’Ğ¡ĞŸĞ›Ğ«Ğ› Ğ£ ĞœĞ•ĞĞ¯ Ğ’ ĞŸĞĞœĞ¯Ğ¢Ğ˜ Ğ¡Ğ’Ğ¯Ğ—ĞĞĞĞ«Ğ™ Ğ¡ ĞŸĞĞ›Ğ¬Ğ¨Ğ•Ğ™ Ğ’ Ğ“ĞĞ”Ğ« Ğ’ĞĞ™ĞĞ« Ğ¡ ĞĞ•ĞœĞ•Ğ¦ĞšĞ˜ĞœĞ˜ Ğ’ĞĞ™Ğ¡ĞšĞĞœĞ˜, ĞšĞĞ¢ĞĞ Ğ«Ğ• ĞĞĞŸĞĞ›Ğ˜ ĞĞ Ğ¡Ğ¡Ğ¡Ğ !!!  Ğ¤Ğ˜Ğ›Ğ¬Ğœ ĞĞĞ—Ğ«Ğ’ĞĞ•Ğ¢Ğ¡Ğ¯ - """"Ğ§Ğ•Ğ¢Ğ«Ğ Ğ• Ğ¢ĞĞĞšĞ˜Ğ¡Ğ¢Ğ Ğ˜ Ğ¡ĞĞ‘ĞĞšĞ""""!!!!  ĞĞ•Ğ‘Ğ›ĞĞ“ĞĞ”ĞĞ ĞĞ«Ğ•!!!!  Ğ¡ĞĞ¢ĞĞ˜ Ğ¢Ğ«Ğ¡Ğ¯Ğ§ Ğ¡ĞĞ’Ğ•Ğ¢Ğ¡ĞšĞ˜Ğ¥ Ğ¡ĞĞ›Ğ”ĞĞ¢, Ğ’ĞĞ•ĞĞĞ«Ğ¥ ĞŸĞĞ“Ğ˜Ğ‘Ğ›Ğ˜ ĞĞ¡Ğ’ĞĞ‘ĞĞ–Ğ”ĞĞ¯ ĞŸĞĞ›Ğ¬Ğ¨Ğ£ Ğ˜ Ğ”Ğ Ğ£Ğ“Ğ˜Ğ• Ğ¡Ğ¢Ğ ĞĞĞ« Ğ•Ğ’Ğ ĞĞŸĞ«  ĞĞ¢ Ğ“Ğ˜Ğ¢Ğ›Ğ•Ğ ĞĞ’Ğ¡ĞšĞ˜Ğ¥ - ĞĞ•ĞœĞ•Ğ¦ĞšĞ˜Ğ¥ Ğ’ĞĞ™Ğ¡Ğš!!!  Ğ¡ĞĞ¢ĞĞ˜ - Ğ¢Ğ¯Ğ¡Ğ¯Ğ§ Ğ¢ĞĞš Ğ˜ ĞĞ¡Ğ¢ĞĞ›Ğ˜Ğ¡Ğ¬ ĞĞĞ’Ğ•Ğ§ĞĞ Ğ›Ğ•Ğ–ĞĞ¢Ğ¬ Ğ’ Ğ—Ğ•ĞœĞ›Ğ• ĞŸĞĞ›Ğ¬Ğ¨Ğ˜ Ğ˜ Ğ•Ğ’Ğ ĞĞŸĞ« Ğ˜ Ğ ĞĞ”Ğ˜  Ğ¢ĞĞ“Ğ ĞĞĞ˜ ĞŸĞĞ“Ğ˜Ğ‘Ğ›Ğ˜, Ğ§Ğ¢ĞĞ‘Ğ« ĞĞĞ ĞĞ” ĞŸĞĞ›Ğ¬Ğ¨Ğ˜ Ğ˜ ĞĞĞ ĞĞ”Ğ« Ğ’ Ğ•Ğ’Ğ ĞĞŸĞ• ĞĞ¡Ğ’ĞĞ‘ĞĞ”Ğ˜Ğ¢Ğ¬ ĞĞ¢ Ğ¡ĞœĞ•Ğ Ğ¢Ğ˜ ĞĞ¢ Ğ Ğ£Ğš ĞĞ•ĞœĞ•Ğ¦ĞšĞ˜Ğ¥ Ğ’ĞĞ™Ğ¡Ğš!!!  Ğ¡ĞšĞĞ›Ğ¬ĞšĞ ĞĞ”ĞĞ˜Ğ¥ Ğ¢ĞĞ›Ğ¬ĞšĞ ĞšĞĞĞ¦Ğ›ĞĞ“Ğ•Ğ Ğ•Ğ™, ĞšĞĞ¢ĞĞ Ğ«Ğ• ĞĞ•ĞœĞ¦Ğ« Ğ’ Ğ“ĞĞ”Ğ« Ğ’ĞĞ™ĞĞ« ĞŸĞĞĞ¢ĞšĞ Ğ«Ğ’ĞĞ›Ğ˜ - ĞœĞĞ¡Ğ¡ĞĞ’Ğ Ğ˜  ĞĞ Ğ¢Ğ•Ğ Ğ Ğ˜Ğ¢ĞĞ Ğ˜Ğ˜ ĞŸĞĞ›Ğ¬Ğ¨Ğ˜!!!! Ğ¡Ğ•Ğ™Ğ§ĞĞ¡ - Ğ ĞĞ”Ğ˜ ĞŸĞĞ‘Ğ•Ğ”Ğ« Ğ¡Ğ¨Ğ ĞĞĞ” Ğ“Ğ›ĞĞ’ĞĞ«Ğœ Ğ¡ĞĞŸĞ•Ğ ĞĞ˜ĞšĞĞœ ĞĞ ĞœĞ˜Ğ ĞĞ’ĞĞ™ ĞĞ Ğ•ĞĞ• - ĞĞĞ” ĞŸĞ£Ğ¢Ğ˜ĞĞ«Ğœ Ğ˜ ĞĞĞ” ĞĞĞ ĞĞ”ĞĞœ Ğ ĞĞ¡Ğ¡Ğ˜Ğ˜ - Ğ”ĞĞ–Ğ• Ğ˜Ğ¡Ğ¢ĞĞ Ğ˜Ğ® ĞŸĞ•Ğ Ğ•ĞŸĞ˜Ğ¡Ğ«Ğ’ĞĞ®Ğ¢ Ğ˜ ĞœĞĞĞ“ĞĞ• Ğ£Ğ–Ğ• ĞŸĞ•Ğ Ğ•ĞŸĞ˜Ğ¡ĞĞ›Ğ˜ Ğ˜ ĞĞ‘Ğ“ĞĞ”Ğ˜Ğ›Ğ˜ Ğ’ ĞŸĞ Ğ¯ĞœĞĞœ Ğ¡ĞœĞ«Ğ¡Ğ›Ğ• Ğ­Ğ¢ĞĞ“Ğ Ğ¡Ğ›ĞĞ’Ğ!!! Ğ Ğ£ĞšĞ˜ ĞŸĞ ĞĞ§Ğ¬ ĞĞ¢ Ğ¡ĞĞ’Ğ•Ğ¢Ğ¡ĞšĞĞ“Ğ ĞĞĞ ĞĞ”Ğ!!!  ĞĞ˜ĞšĞĞœĞ£ Ğ’ ĞœĞ˜Ğ Ğ• ĞĞ• Ğ”ĞĞœ Ğ“ĞĞ”Ğ˜Ğ¢Ğ¬ ĞĞ ĞœĞĞ® Ğ ĞĞ”Ğ˜ĞĞ£ ĞœĞĞ¢Ğ¬ - ĞĞ Ğ¡Ğ¡Ğ¡Ğ  Ğ˜ ĞĞ Ğ¡ĞĞ’Ğ•Ğ¢Ğ¡ĞšĞ˜Ğ™ ĞĞĞ ĞĞ”!!! Ğ’ĞĞœ ĞĞ• Ğ¡Ğ¢Ğ ĞĞ¨Ğ˜Ğ¢ Ğ”ĞĞ–Ğ• ĞšĞĞ›Ğ˜Ğ§Ğ•Ğ¡Ğ¢Ğ’Ğ ĞœĞĞ“Ğ˜Ğ› Ğ˜ ĞŸĞĞ›Ğ¯ĞšĞĞ’ Ğ˜ Ğ”Ğ•Ğ¢Ğ˜Ğ¨Ğ•Ğš ĞŸĞĞ›Ğ¬Ğ¨Ğ˜, Ğ˜ Ğ¡ĞĞ’Ğ•Ğ¢Ğ¡ĞšĞ˜Ğ¥ Ğ’ĞĞ•ĞĞĞ«Ğ¥, ĞšĞĞ¢ĞĞ Ğ«Ğ• Ğ‘Ğ«Ğ›Ğ˜ Ğ£Ğ‘Ğ˜Ğ¢Ğ« ĞĞ Ğ¢Ğ•Ğ Ğ Ğ˜Ğ¢ĞĞ Ğ˜Ğ˜ ĞŸĞĞ›Ğ¬Ğ¨Ğ˜ - Ğ“Ğ˜Ğ¢Ğ›Ğ•Ğ ĞĞ’Ğ¡ĞšĞ˜ĞœĞ˜ Ğ’ĞĞ™Ğ¡ĞšĞĞœĞ˜ - Ğ’ĞĞ™Ğ¡ĞšĞĞœĞ˜ ĞĞ•ĞœĞ•Ğ¦ĞšĞĞ“Ğ Ğ“ĞĞ¡Ğ£Ğ”ĞĞ Ğ¡Ğ¢Ğ’Ğ - Ğ Ğ£ĞšĞĞœĞ˜ - ĞĞ•ĞœĞ¦Ğ•Ğ’????!!! Ğ’Ğ¡Ğ•Ğœ Ğ£ĞœĞĞ˜ĞšĞĞœ Ğ¡ĞœĞ•Ğ¨ĞĞ©Ğ˜Ğ¥ Ğ£ĞšĞ ĞĞ˜ĞĞ¦Ğ•Ğ’ Ğ˜ Ğ’Ğ•Ğ¡Ğ¬ ĞœĞ˜Ğ ... Ğ¡Ğ£Ğ” Ğ’Ğ¡Ğ•Ğ’Ğ«Ğ¨ĞĞ•Ğ“Ğ Ğ¢Ğ’ĞĞ Ğ¦Ğ - Ğ‘Ğ£Ğ”Ğ•Ğ¢ Ğ”Ğ›Ğ¯ Ğ’Ğ¡Ğ•Ğ¥ Ğ—Ğ•ĞœĞ›Ğ¯Ğ!!!! Ğ Ğ£ĞšĞ˜ ĞŸĞ ĞĞ§Ğ¬ ĞĞ¢ Ğ£ĞšĞ ĞĞ˜ĞĞ« Ğ˜ ĞĞ¢ ĞŸĞ£Ğ¢Ğ˜ĞĞ, Ğ˜ ĞĞ¢ ĞĞĞ ĞĞ”Ğ Ğ ĞĞ¡Ğ¡Ğ˜Ğ˜ -  Ğ’Ğ¡Ğ•Ğœ Ğ’ĞĞ•ĞĞĞ«Ğœ Ğ¡Ğ¨Ğ Ğ¡Ğ Ğ¡Ğ’ĞĞ˜ĞœĞ˜ Ğ¡Ğ›Ğ£Ğ“ĞĞœĞ˜ Ğ’ĞĞ•ĞĞĞ«ĞœĞ˜  - Ğ¡Ğ Ğ¡Ğ¢Ğ ĞĞĞĞœĞ˜ Ğ‘Ğ›ĞĞšĞ ĞĞĞ¢Ğ, Ğ˜ ĞĞ¡Ğ¢ĞĞ›Ğ¬ĞĞ«ĞœĞ˜  Ğ¡Ğ¢Ğ ĞĞĞĞœĞ˜, ĞšĞĞ¢ĞĞ Ğ«Ğ• ĞŸĞĞ” ĞšĞĞœĞĞĞ”ĞĞ’ĞĞĞ˜Ğ•Ğœ Ğ¡Ğ¨Ğ - ĞĞ¢ĞšĞ Ğ«Ğ¢Ğ Ğ’ĞĞ®Ğ®Ğ¢ Ğ¡ ĞŸĞ£Ğ¢Ğ˜ĞĞ«Ğœ Ğ˜ Ğ¡ ĞĞĞ ĞĞ”ĞĞœ Ğ ĞĞ¡Ğ¡Ğ˜Ğ˜ - Ğ Ğ£ĞšĞĞœĞ˜ Ğ£ĞšĞ ĞĞ˜ĞĞ¡ĞšĞĞ“Ğ ĞĞĞ¡Ğ•Ğ›Ğ•ĞĞ˜Ğ¯ Ğ˜ Ğ¡ Ğ¢Ğ•Ğ Ğ Ğ˜Ğ¢ĞĞ Ğ˜Ğ˜ Ğ£ĞšĞ ĞĞ˜ĞĞ«!!! Ğ¡Ğ¨Ğ Ğ¢ĞĞš Ğ—ĞĞ¥Ğ’ĞĞ¢Ğ«Ğ’ĞĞ•Ğ¢ Ğ’Ğ•Ğ¡Ğ¬ ĞœĞ˜Ğ ! Ğ¡ĞœĞ•Ğ Ğ¢Ğ¬, Ğ ĞĞĞ•ĞĞĞ«Ğ•, Ğ˜ĞĞ’ĞĞ›Ğ˜Ğ”Ğ« Ğ¡ ĞĞ¢ĞĞ Ğ’ĞĞĞĞ«ĞœĞ˜ ĞšĞĞĞ•Ğ§ĞĞĞ¡Ğ¢Ğ¯ĞœĞ˜ Ğ˜ Ğ’Ğ—Ğ ĞĞ¡Ğ›Ğ«Ğ•, Ğ˜ Ğ”Ğ•Ğ¢Ğ˜Ğ¨ĞšĞ˜, Ğ ĞĞĞ•ĞĞĞ«Ğ•, Ğ’ Ğ ĞĞ—Ğ’ĞĞ›Ğ•ĞĞĞ«Ğ¥ Ğ“ĞĞ ĞĞ”ĞĞ¥ Ğ˜ Ğ›Ğ˜Ğ¨ĞĞĞĞ«Ğ• Ğ–Ğ˜Ğ—ĞĞ˜ ĞĞĞ ĞĞ” Ğ£ĞšĞ ĞĞ˜ĞĞ« Ğ˜ Ğ¢Ğ•ĞŸĞ•Ğ Ğ¬ ĞĞĞ ĞĞ”Ğ« Ğ’ Ğ ĞĞ¡Ğ¡Ğ˜Ğ˜!!! Ğ Ğ’Ğ«Ğ¡Ğ¢Ğ£ĞŸĞĞ®Ğ©Ğ˜Ğœ Ğ¡ Ğ¢Ğ Ğ˜Ğ‘Ğ£ĞĞ« ĞŸĞ•Ğ Ğ•Ğ” Ğ£ĞšĞ ĞĞ˜ĞĞ¡ĞšĞ˜Ğœ ĞĞĞ¡Ğ•Ğ›Ğ•ĞĞ˜Ğ•Ğœ  - Ğ¡ĞœĞ•Ğ¨ĞĞ??? Ğ£Ğ‘Ğ˜Ğ™Ğ¦ĞĞœ ĞĞĞ ĞĞ”Ğ Ğ£ĞšĞ ĞĞ˜ĞĞ« Ğ˜ ĞĞĞ ĞĞ”Ğ Ğ ĞĞ¡Ğ¡Ğ˜Ğ˜ - Ğ¡ĞœĞ•Ğ¨ĞĞ????????  ĞĞĞ ĞĞ” Ğ’ Ğ£ĞšĞ ĞĞ˜ĞĞ• Ğ˜ ĞĞĞ ĞĞ” ĞĞ Ğ’Ğ¡Ğ•Ğ™ Ğ—Ğ•ĞœĞ›Ğ•!!!  Ğ’ĞĞ¢ Ğ’Ğ¡Ğ¯ ĞŸĞ ĞĞ’Ğ”Ğ - ĞšĞ¢Ğ Ğ’Ğ˜ĞĞĞ’ĞĞ¢ Ğ’Ğ Ğ’Ğ¡ĞĞœ Ğ“ĞĞ Ğ• Ğ’ Ğ£ĞšĞ ĞĞ˜ĞĞ•!!!!  Ğ¡Ğ¨Ğ - Ğ¦Ğ•Ğ›Ğ•ĞĞĞŸĞ ĞĞ’Ğ›Ğ•ĞĞĞ Ğ¡Ğ¢Ğ ĞĞ’Ğ˜Ğ› ĞĞĞ ĞĞ” Ğ’ Ğ£ĞšĞ ĞĞ˜ĞĞ• ĞŸĞ ĞĞ¢Ğ˜Ğ’ Ğ Ğ£Ğ¡Ğ¡ĞšĞĞ“Ğ Ğ¯Ğ—Ğ«ĞšĞ Ğ˜ ĞŸĞ ĞĞ¢Ğ˜Ğ’ ĞĞĞ ĞĞ”Ğ Ğ ĞĞ¡Ğ¡Ğ˜Ğ˜, Ğ˜ Ğ”ĞĞ–Ğ• ĞŸĞ ĞĞ¢Ğ˜Ğ’ Ğ Ğ£Ğ¡Ğ¡ĞšĞĞ™ Ğ˜ Ğ ĞĞ¡Ğ¡Ğ˜Ğ˜ ĞšĞ£Ğ›Ğ¬Ğ¢Ğ£Ğ Ğ«!!! Ğ¡Ğ¨Ğ Ğ¡Ğ¢Ğ ĞĞ’Ğ˜Ğ› Ğ£ĞšĞ ĞĞ˜ĞĞ¦Ğ•Ğ’ ĞĞ Ğ¡ĞœĞ•Ğ Ğ¢Ğ¬ Ğ˜ ĞĞ ĞšĞ ĞĞ’ĞĞŸĞ ĞĞ›Ğ˜Ğ¢Ğ˜Ğ• - ĞŸĞ ĞĞ¢Ğ˜Ğ’ ĞĞĞ ĞĞ”Ğ Ğ˜ Ğ£ĞšĞ ĞĞ˜ĞĞ« Ğ“ĞĞ’ĞĞ Ğ¯Ğ©Ğ•Ğ“Ğ ĞĞ Ğ Ğ£Ğ¡Ğ¡ĞšĞĞœ Ğ¯Ğ—Ğ«ĞšĞ• Ğ˜ ĞŸĞ ĞĞ¢Ğ˜Ğ’ Ğ’Ğ¡Ğ•Ğ“Ğ ĞĞĞ ĞĞ”Ğ Ğ ĞĞ¡Ğ¡Ğ˜Ğ˜!!! Ğ¯ - Ğ˜Ğ— Ğ¡Ğ¡Ğ¡Ğ !!! Ğ ĞĞ”Ğ˜Ğ›ĞĞ¡Ğ¬ Ğ’Ğ¡Ğ•Ğ“Ğ Ğ§Ğ•Ğ Ğ•Ğ— 10 Ğ›Ğ•Ğ¢ ĞŸĞĞ¡Ğ›Ğ• ĞŸĞĞ‘Ğ•Ğ”Ğ« Ğ¡Ğ¡Ğ¡Ğ  ĞĞĞ” Ğ“Ğ˜Ğ¢Ğ›Ğ•Ğ ĞĞ’Ğ¡ĞšĞĞ™ Ğ“Ğ•Ğ ĞœĞĞĞ˜Ğ•Ğ™!!! Ğ Ğ•Ğ¨Ğ˜Ğ›Ğ˜ Ğ’Ğ•Ğ¡Ğ¬ ĞœĞ˜Ğ  ĞĞ‘ĞĞ›Ğ’ĞĞĞ˜Ğ’ĞĞ¢Ğ¬ Ğ˜ - ĞĞ¡ĞĞ‘Ğ•ĞĞĞ Ğ˜Ğ”Ğ˜ĞĞ¢ĞĞœĞ˜ Ğ”Ğ•Ğ›ĞĞ•Ğ¢Ğ• ĞœĞĞ›ĞĞ”ĞĞ• ĞŸĞĞšĞĞ›Ğ•ĞĞ˜Ğ• - ĞœĞĞ›ĞĞ”ĞĞ–Ğ¬ Ğ˜ ĞŸĞĞ”Ğ ĞĞ¡Ğ¢ĞšĞĞ’ Ğ¡ Ğ”Ğ•Ğ¢Ğ¬ĞœĞ˜ Ğ’ Ğ£ĞšĞ ĞĞ˜ĞĞ•??? ĞŸĞĞ’Ğ¢ĞĞ Ğ¯Ğ¢Ğ¬ ĞĞ• Ğ‘Ğ£Ğ”Ğ£!!!  Ğ¡ ĞŸĞ•Ğ Ğ’ĞĞ“Ğ Ğ ĞĞ—Ğ ĞŸĞĞĞ¯Ğ¢ĞĞ? Ğ’Ğ¡Ğ•Ğœ ĞĞ•Ğ“ĞĞ”Ğ¯Ğ¯Ğœ, ĞŸĞ•Ğ Ğ•ĞŸĞ˜Ğ¡Ğ«Ğ’ĞĞ®Ğ©Ğ˜Ğœ Ğ˜Ğ¡Ğ¢ĞĞ Ğ˜Ğ® Ğ˜ Ğ£Ğ‘Ğ˜Ğ’ĞĞ®Ğ©Ğ˜Ğœ ĞĞĞ ĞĞ” Ğ£ĞšĞ ĞĞ˜ĞĞ« Ğ’ ĞŸĞ•Ğ Ğ’Ğ£Ğ® ĞĞ§Ğ•Ğ Ğ•Ğ”Ğ¬ Ğ˜ ĞĞĞ ĞĞ” Ğ ĞĞ¡Ğ¡Ğ˜Ğ˜ - Ğ Ğ£ĞšĞ˜ ĞŸĞ ĞĞ§Ğ¬ Ğ˜ ĞĞ¢ Ğ¡Ğ¡Ğ¡Ğ , Ğ¡ĞĞ’Ğ•Ğ¢Ğ¡ĞšĞĞ“Ğ ĞĞĞ ĞĞ”Ğ, ĞĞĞ ĞĞ”ĞĞ’ Ğ£ĞšĞ ĞĞ˜ĞĞ« Ğ˜ ĞĞĞ ĞĞ”ĞĞ’ Ğ ĞĞ¡Ğ¡Ğ˜Ğ˜!!! Ğ£ ĞĞ•Ğ“ĞĞ”Ğ¯Ğ•Ğ’ - Ğ›Ğ®Ğ‘ĞĞ™ Ğ¡ĞŸĞĞ¡ĞĞ‘ ĞĞ‘ĞœĞĞĞ Ğ˜ Ğ”Ğ•Ğ‘Ğ˜Ğ›Ğ˜Ğ—ĞĞ¦Ğ˜Ğ˜ ĞĞĞ ĞĞ”Ğ Ğ’ Ğ£ĞšĞ ĞĞ˜ĞĞ• - Ğ¥ĞĞ ĞĞ¨Ğ˜, Ğ›Ğ˜Ğ¨Ğ¬ Ğ‘Ğ« ĞŸĞĞ‘Ğ•Ğ”Ğ˜Ğ¢Ğ¬ ĞŸĞ£Ğ¢Ğ˜ĞĞ Ğ˜ ĞĞĞ ĞĞ” Ğ ĞĞ¡Ğ¡Ğ˜Ğ˜???  Ğ¡ĞĞĞ§ĞĞ›Ğ Ğ’ĞĞœ ĞĞ•Ğ“ĞĞ”Ğ¯Ğ¯Ğœ ĞŸĞ Ğ˜Ğ”ĞĞ¢Ğ¡Ğ¯ Ğ£Ğ‘Ğ˜Ğ¢Ğ¬ ĞœĞ•ĞĞ¯! Ğ”Ğ ĞŸĞĞ¡Ğ›Ğ•Ğ”ĞĞ•Ğ“Ğ Ğ’Ğ—Ğ”ĞĞ¥Ğ Ğ˜ Ğ”Ğ ĞŸĞĞ¡Ğ›Ğ•Ğ”ĞĞ•Ğ™ ĞšĞĞŸĞ›Ğ˜ Ğ¡Ğ’ĞĞ•Ğ™ ĞšĞ ĞĞ’Ğ˜ Ğ‘Ğ£Ğ”Ğ£ Ğ—ĞĞ©Ğ˜Ğ©ĞĞ¢Ğ¬ Ğ˜ Ğ¡Ğ¡Ğ¡Ğ , Ğ¡ĞĞ’Ğ•Ğ¢Ğ¡ĞšĞ˜Ğ™ Ğ’Ğ•Ğ¡Ğ¬ ĞĞĞ ĞĞ”, ĞĞĞ ĞĞ” Ğ£ĞšĞ ĞĞ˜ĞĞ«, ĞĞĞ ĞĞ” Ğ ĞĞ¡Ğ¡Ğ˜Ğ˜ Ğ˜ Ğ’ ĞŸĞ•Ğ Ğ’Ğ£Ğ® ĞĞ§Ğ•Ğ Ğ•Ğ”Ğ¬ ĞŸĞ Ğ•Ğ—Ğ˜Ğ”Ğ•ĞĞ¢Ğ Ğ ĞĞ¡Ğ¡Ğ˜Ğ˜ - ĞŸĞ£Ğ¢Ğ˜ĞĞ!!!!  ĞŸĞ£Ğ¢Ğ˜Ğ - Ğ¡ĞĞœĞ«Ğ™ Ğ›Ğ£Ğ§Ğ¨Ğ˜Ğ™ ĞŸĞ Ğ•Ğ—Ğ˜Ğ”Ğ•ĞĞ¢ Ğ’ ĞœĞ˜Ğ Ğ•!!! ĞŸĞ£Ğ¢Ğ˜Ğ - ĞĞ¡Ğ’ĞĞ‘ĞĞ–Ğ”ĞĞ•Ğ¢ ĞœĞ˜Ğ  ĞĞ¢ ĞœĞ˜Ğ ĞĞ’ĞĞ“Ğ Ğ£Ğ‘Ğ˜Ğ™Ğ¦Ğ« - ĞĞ¢ Ğ¡Ğ¨Ğ!!! Ğ¡Ğ•Ğ™Ğ§ĞĞ¡ ĞĞ ĞœĞ˜Ğ ĞĞ’ĞĞ™ ĞŸĞĞ›Ğ˜Ğ¢Ğ˜Ğ§Ğ•Ğ¡ĞšĞĞ™ ĞĞ Ğ•ĞĞ• Ğ¢Ğ•ĞŸĞ•Ğ Ğ¬ Ğ’Ğ Ğ“Ğ›ĞĞ’Ğ• Ğ¡Ğ¨Ğ!!! Ğ’ Ğ‘Ğ›ĞĞšĞ• ĞĞĞ¢Ğ - Ğ˜ ĞŸĞĞ›Ğ¬Ğ¨Ğ, Ğ˜ Ğ“Ğ•Ğ ĞœĞĞĞ˜Ğ¯!!!! Ğ§Ğ¢ĞĞ‘Ğ« ĞŸĞĞ” ĞŸĞ Ğ•Ğ”Ğ’ĞĞ”Ğ˜Ğ¢Ğ•Ğ›Ğ¬Ğ¡Ğ¢Ğ’ĞĞœ Ğ¡Ğ¨Ğ ĞĞ¡Ğ¢ĞĞ›Ğ¬ĞĞ«Ğ• Ğ¡Ğ¢Ğ ĞĞĞ« Ğ˜ Ğ’ Ğ‘Ğ›ĞĞšĞ• ĞĞĞ¢Ğ - ĞŸĞ ĞĞ’Ğ˜Ğ›Ğ˜ ĞœĞ˜Ğ ĞĞœ - Ğ’ ĞŸĞ•Ğ Ğ’Ğ£Ğ® ĞĞ§Ğ•Ğ Ğ•Ğ”Ğ¬ Ğ˜ Ğ”Ğ Ğ£Ğ“Ğ˜Ğ• ĞœĞ˜Ğ ĞĞ’Ğ«Ğ• Ğ£Ğ‘Ğ˜Ğ™Ğ¦Ğ« - Ğ¡Ğ ĞĞ§ĞĞ ĞŸĞ•Ğ Ğ•ĞŸĞ˜Ğ¡Ğ«Ğ’ĞĞ®Ğ¢ Ğ˜Ğ¡Ğ¢ĞĞ Ğ˜Ğ®!!!  ĞœĞ˜Ğ ĞĞ’ĞĞ™ Ğ£Ğ‘Ğ˜Ğ™Ğ¦Ğ  Ğ¡Ğ¨Ğ, ĞšĞĞ¢ĞĞ Ğ«Ğ™ Ğ•Ğ”Ğ˜ĞĞ¡Ğ¢Ğ•Ğ’Ğ•ĞĞĞ«Ğ™ ĞĞ Ğ’Ğ¡Ğ•Ğ™ ĞŸĞ›ĞĞĞ•Ğ¢Ğ• Ğ—Ğ•ĞœĞ›Ğ• ĞŸĞ Ğ˜ĞœĞ•ĞĞ˜Ğ› Ğ¯Ğ”Ğ•Ğ ĞĞĞ• Ğ¡Ğ¨Ğ Ğ’ĞĞĞ Ğ£Ğ–Ğ•ĞĞ˜Ğ• - Ğ¡Ğ¨Ğ - Ğ•Ğ”Ğ˜ĞĞ¡Ğ¢Ğ’Ğ•ĞĞĞĞ¯ Ğ¡Ğ¢Ğ ĞĞĞ, ĞšĞĞ¢ĞĞ ĞĞ¯ Ğ‘ĞĞœĞ‘Ğ˜Ğ›Ğ Ğ–Ğ˜Ğ’Ğ«Ğ¥ Ğ›Ğ®Ğ”Ğ•Ğ™ Ğ˜ Ğ”Ğ•Ğ¢Ğ•Ğ™ Ğ’ Ğ¯ĞŸĞĞĞ˜Ğ˜ Ğ’ Ğ¥Ğ˜Ğ ĞĞ¡Ğ˜ĞœĞ• Ğ˜ Ğ’ ĞĞĞ“ĞĞ¡ĞĞšĞ˜!!!!!! Ğ¡Ğ¨Ğ - ĞœĞ˜Ğ ĞĞ’ĞĞ™ - Ğ”ĞĞ–Ğ• - Ğ¯Ğ”Ğ•Ğ ĞĞ«Ğ™ Ğ£Ğ‘Ğ˜Ğ™Ğ¦Ğ Ğ—Ğ•ĞœĞ›Ğ¯Ğ!!! Ğ˜ Ğ’ Ğ¢ĞĞœ Ğ§Ğ˜Ğ¡Ğ›Ğ• Ğ¡Ğ ĞĞ§ĞĞ ĞŸĞ•Ğ Ğ•ĞŸĞ˜Ğ¡Ğ«Ğ’ĞĞ®Ğ¢ Ğ˜Ğ¡Ğ¢ĞĞ Ğ˜Ğ®, Ğ§Ğ¢ĞĞ‘Ğ« Ğ¦Ğ˜ĞĞ˜Ğ§ĞĞ«Ğœ Ğ˜ ĞĞĞ“Ğ›Ğ«Ğœ - ĞĞ‘ĞœĞĞĞĞœ - Ğ¡ĞšĞ Ğ«Ğ¢Ğ¬ ĞĞ¢ ĞœĞĞ›ĞĞ”ĞĞ“Ğ ĞŸĞĞšĞĞ›Ğ•ĞĞ˜Ğ¯ Ğ’Ğ¡Ğ• ĞŸĞ Ğ•Ğ¡Ğ¢Ğ£ĞŸĞ›Ğ•ĞĞ˜Ğ¯ Ğ“Ğ•Ğ ĞœĞĞĞ˜Ğ˜ - ĞŸĞ Ğ•Ğ¡Ğ¢Ğ£ĞŸĞ›Ğ•ĞĞ˜Ğ• ĞĞ•ĞœĞ•Ğ¦ĞšĞ˜Ğ¥ Ğ“Ğ˜Ğ¢Ğ›Ğ•Ğ ĞĞ’Ğ¡ĞšĞ˜Ğ¥ Ğ’ĞĞ™Ğ¡Ğš!!!!  Ğ¢ĞĞ›Ğ¬ĞšĞ Ğ’ ĞĞ”ĞĞĞœ Ğ¡Ğ¡Ğ¡Ğ  ĞĞ•ĞœĞ•Ğ¦ĞšĞ˜Ğ• Ğ’ĞĞ™Ğ¡ĞšĞ - Ğ£Ğ‘Ğ˜Ğ›Ğ˜ Ğ˜ Ğ—Ğ’Ğ•Ğ Ğ¡ĞšĞ˜ Ğ—ĞĞœĞ£Ğ§Ğ˜Ğ›Ğ˜ ĞĞĞœĞĞĞ“Ğ Ğ‘ĞĞ›Ğ¬Ğ¨Ğ• Ğ§Ğ•Ğœ Ğ”Ğ’ĞĞ”Ğ¦ĞĞ¢Ğ¬ Ğ¡Ğ•ĞœĞ¬ ĞœĞ˜Ğ›Ğ›Ğ˜ĞĞĞĞ’ Ğ¡ĞĞ’Ğ•Ğ¢Ğ¡ĞšĞ˜Ğ¥ Ğ›Ğ®Ğ”Ğ•Ğ™ Ğ˜ Ğ”Ğ•Ğ¢Ğ•Ğ™!!! ĞœĞ˜Ğ ĞĞ’Ğ«Ğ• Ğ£Ğ‘Ğ˜Ğ™Ğ¦Ğ« ĞŸĞ ĞĞ’Ğ¯Ğ¢ ĞœĞ˜Ğ›Ğ›Ğ˜ĞĞ Ğ”ĞĞœĞ˜ Ğ—Ğ•ĞœĞ›Ğ¯Ğ????  Ğ¡Ğ¨Ğ Ğ”Ğ Ğ¡Ğ˜Ğ¥ ĞŸĞĞ  ĞĞ• Ğ˜Ğ—Ğ’Ğ˜ĞĞ˜Ğ›Ğ¡Ğ¯ ĞŸĞ•Ğ Ğ•Ğ” Ğ¯ĞŸĞĞĞ˜Ğ•Ğ™, Ğ—Ğ Ğ¢Ğ, Ğ§Ğ¢Ğ Ğ‘ĞĞœĞ‘Ğ˜Ğ›Ğ˜ Ğ¯Ğ”Ğ•Ğ ĞĞ«ĞœĞ˜ - ĞĞ¢ĞĞœĞĞ«ĞœĞ˜ Ğ‘ĞĞœĞ‘ĞĞœĞ˜ Ğ’ Ğ¯ĞŸĞĞĞ˜Ğ˜ - Ğ¥Ğ˜Ğ ĞĞ¡Ğ˜ĞœĞ£ Ğ˜ ĞĞĞ“ĞĞ¡ĞĞšĞ˜!!!! ĞœĞ˜Ğ  Ğ‘ĞĞ˜Ğ¢Ğ¡Ğ¯ Ğ¯Ğ”Ğ•Ğ ĞĞĞ• Ğ’ĞĞĞ Ğ£Ğ–Ğ•ĞĞ˜Ğ• Ğ¡Ğ¨Ğ???!!! Ğ˜ Ğ‘Ğ•Ğ— Ğ¯Ğ”Ğ•Ğ ĞĞĞ“Ğ ĞĞ Ğ£Ğ–Ğ˜Ğ¯ Ğ¡Ğ¨Ğ Ğ—Ğ Ğ’Ğ¡Ğ• Ğ“ĞĞ”Ğ« ĞŸĞĞ¡Ğ›Ğ• Ğ’ĞĞ™ĞĞ« - ĞšĞĞ“Ğ Ğ¥ĞĞ§Ğ•Ğ¢ Ğ’ ĞœĞ˜Ğ Ğ• Ğ‘ĞĞœĞ‘Ğ˜Ğ¢, Ğ£Ğ‘Ğ˜Ğ’ĞĞ•Ğ¢ Ğ¡Ğ’Ğ•Ğ Ğ“ĞĞ•Ğ¢ Ğ˜ Ğ­Ğ¢Ğ - Ğ’Ğ ĞœĞĞĞ“Ğ˜Ğ¥ Ğ¡Ğ¢Ğ ĞĞĞĞ¥ Ğ’ ĞœĞ˜Ğ Ğ•!!! ĞĞ Ğ¡Ğ¨Ğ ĞĞ•Ğ¢ ĞĞ˜ Ğ¡Ğ¢ĞĞ¢Ğ•Ğ™ Ğ—ĞĞšĞĞĞĞ’, ĞĞ˜ ĞĞĞšĞĞ—ĞĞĞ˜Ğ¯! Ğ¡Ğ¨Ğ Ğ¡ĞĞœ Ğ—ĞĞ¥Ğ’ĞĞ¢Ğ˜Ğ› Ğ’Ğ¡Ğ® Ğ’Ğ›ĞĞ¡Ğ¢Ğ¬ Ğ’ ĞœĞ˜Ğ Ğ•!!! ĞŸĞĞ” Ğ¡Ğ¢Ğ ĞĞ¥ĞĞœ Ğ‘Ğ«Ğ¢Ğ¬ Ğ£Ğ‘Ğ˜Ğ¢Ğ«ĞœĞ˜ Ğ¯Ğ”Ğ•Ğ ĞĞ«Ğœ Ğ’ĞĞĞ Ğ£Ğ–Ğ•ĞĞ˜Ğ•Ğœ Ğ¡Ğ¨Ğ!!!  Ğ¡Ğ¨Ğ Ğ¡Ğ”Ğ•Ğ›ĞĞ› Ğ”Ğ’Ğ ĞœĞĞ™Ğ”ĞĞĞ Ğ’ Ğ£ĞšĞ ĞĞ˜ĞĞ•!!!  Ğ¡Ğ¨Ğ Ğ¡Ğ’Ğ•Ğ Ğ“ Ğ’Ğ¢ĞĞ Ğ«Ğœ ĞœĞĞ™Ğ”ĞĞĞĞœ Ğ¯ĞĞ£ĞšĞĞ’Ğ˜Ğ§Ğ Ğ˜ Ğ¢ĞĞš Ğ¡Ğ¨Ğ Ğ’ 2014 Ğ“ĞĞ”Ğ£ Ğ—ĞĞ¥Ğ’ĞĞ¢Ğ˜Ğ› Ğ’ Ğ¡Ğ’ĞĞ˜ - Ğ’ Ğ Ğ£ĞšĞ˜ Ğ¡Ğ¨Ğ - Ğ’Ğ¡Ğ® Ğ’Ğ›ĞĞ¡Ğ¢Ğ¬ Ğ’ Ğ£ĞšĞ ĞĞ˜ĞĞ•!!! Ğ’Ğ¡Ğ• Ğ’ Ğ£ĞšĞ ĞĞ˜ĞĞ• ĞŸĞĞ”Ğ§Ğ˜ĞĞ•ĞĞ« - Ğ¢ĞĞ›Ğ¬ĞšĞ Ğ¡Ğ¨Ğ!!!  Ğ ĞĞĞ ĞĞ” Ğ£ĞšĞ ĞĞ˜ĞĞ« Ğ˜ ĞĞĞ ĞĞ”Ğ« Ğ’Ğ Ğ’Ğ¡ĞĞœ ĞœĞ˜Ğ Ğ• Ğ¡Ğ¨Ğ - ĞĞ‘ĞĞ›Ğ’ĞĞĞ˜Ğ’ĞĞ®Ğ¢!!! Ğ¡Ğ¨Ğ ĞœĞ•ĞĞ¯ ĞĞ• Ğ§Ğ•Ğœ Ğ¨ĞĞĞ¢ĞĞ–Ğ˜Ğ ĞĞ’ĞĞ¢Ğ¬!!! ĞœĞ•ĞĞ¯ ĞĞ˜ĞšĞ¢Ğ Ğ’ ĞœĞ˜Ğ Ğ• ĞĞ• Ğ¡ĞœĞĞ–Ğ•Ğ¢ Ğ—ĞĞŸĞ£Ğ“ĞĞ¢Ğ¬ Ğ˜ Ğ¨ĞĞĞ¢ĞĞ–Ğ˜Ğ ĞĞ’ĞĞ¢Ğ¬, Ğ§Ğ¢ĞĞ‘Ğ« Ğ¯ ĞŸĞ•Ğ Ğ•Ğ¡Ğ¢ĞĞ›Ğ ĞŸĞ˜Ğ¡ĞĞ¢Ğ¬ Ğ¡Ğ’Ğ¯Ğ¢Ğ£Ğ® ĞŸĞ ĞĞ’Ğ”Ğ£!!!  Ğ¢ĞĞ¢ĞĞ›Ğ¬ĞĞ - ĞŸĞĞ”Ğ“Ğ›Ğ¯Ğ”Ğ«Ğ’ĞĞ¯ Ğ—Ğ ĞœĞĞĞ™ Ğ”ĞĞ–Ğ• -  Ğ—Ğ Ğ“ĞĞ›ĞĞ™ Ğ’ ĞœĞĞ•Ğ™ ĞšĞ’ĞĞ Ğ¢Ğ˜Ğ Ğ• - ĞĞ˜ĞšĞ¢Ğ Ğ’ ĞœĞ˜Ğ Ğ• - ĞŸĞĞ’Ğ¢ĞĞ Ğ¯Ğ® Ğ”Ğ›Ğ¯ ĞĞ•ĞŸĞĞĞ¯Ğ¢Ğ›Ğ˜Ğ’Ğ«Ğ¥ -  Ğ“ĞĞ›Ğ«Ğœ Ğ¢Ğ•Ğ›ĞĞœ Ğ”ĞĞ–Ğ• Ğ˜ ĞœĞĞ˜ĞœĞ˜ ĞŸĞĞ›ĞĞ’Ğ«ĞœĞ˜ ĞĞ Ğ“ĞĞĞĞœĞ˜ ĞĞ• Ğ¡ĞœĞĞ–Ğ•Ğ¢Ğ• Ğ¨ĞĞĞ¢ĞĞ–Ğ˜Ğ ĞĞ’ĞĞ¢Ğ¬ ĞœĞ•ĞĞ¯. Ğ§Ğ¢ĞĞ‘Ğ« Ğ¯ ĞŸĞ•Ğ Ğ•Ğ¡Ğ¢ĞĞ›Ğ ĞŸĞ˜Ğ¡ĞĞ¢Ğ¬ ĞŸĞ ĞĞ’Ğ”Ğ£ ĞŸĞ ĞĞ˜Ğ¡Ğ¥ĞĞ”Ğ¯Ğ©Ğ•Ğ“Ğ Ğ’ ĞŸĞ•Ğ Ğ’Ğ£Ğ® ĞĞ§Ğ•Ğ Ğ•Ğ”Ğ¬ Ğ’ Ğ£ĞšĞ ĞĞ˜ĞĞ•!!! ĞœĞ˜Ğ›Ğ›Ğ˜ĞĞ Ğ”Ğ« Ğ—Ğ•ĞœĞ›Ğ¯Ğ Ğ ĞĞ–Ğ”ĞĞ®Ğ¢Ğ¡Ğ¯ Ğ’Ğ¡Ğ• ĞĞ Ğ—Ğ•ĞœĞ›Ğ• - Ğ¡ĞĞ’Ğ•Ğ Ğ¨Ğ•ĞĞĞ Ğ“ĞĞ›Ğ«ĞœĞ˜!!! Ğ—Ğ Ğ¡Ğ¢ĞĞ›Ğ¬ĞšĞ Ğ›Ğ•Ğ¢ ĞĞ• ĞĞĞ¨Ğ›Ğ˜ Ğ§Ğ•Ğœ ĞœĞ•ĞĞ¯ Ğ¨ĞĞĞ¢ĞĞ–Ğ˜Ğ ĞĞ’ĞĞ¢Ğ¬!! Ğ¯ Ğ’ĞĞœ Ğ“ĞĞ’ĞĞ Ğ˜Ğ›Ğ Ğ˜ ĞŸĞ›Ğ•Ğ’ĞĞ›Ğ Ğ’ Ğ­ĞšĞ ĞĞĞ«, Ğ§Ğ¢Ğ Ğ’Ğ« - ĞĞ• Ğ—ĞĞĞ•Ğ¢Ğ• Ğ¡ ĞšĞ•Ğœ Ğ’Ğ« Ğ¡Ğ’Ğ¯Ğ—ĞĞ›Ğ˜Ğ¡Ğ¬!!!! Ğ¢Ğ£Ğ“ĞĞ£ĞœĞĞœ - Ğ£Ğ‘Ğ˜Ğ™Ğ¦ĞĞœ!!! Ğ¯ - ĞĞĞ¡Ğ¢ĞĞ¯Ğ©ĞĞ¯ ĞœĞĞ¢Ğ¬ Ğ£ĞšĞ ĞĞ˜ĞĞ«!!! Ğ’Ğ ĞœĞĞ• ĞšĞ ĞĞ’Ğ¬ Ğ˜ Ğ Ğ£Ğ¡Ğ¡ĞšĞĞ¯, Ğ˜ ĞšĞ ĞĞ’Ğ¬ Ğ£ĞšĞ ĞĞ˜ĞĞ¡ĞšĞĞ¯!!!  Ğ Ğ£ĞšĞ˜ ĞŸĞ ĞĞ§Ğ¬ Ğ’Ğ¡Ğ• Ğ£Ğ‘Ğ˜Ğ™Ğ¦Ğ« ĞœĞ˜Ğ ĞĞ’Ğ«Ğ• ĞĞ¢ ĞĞĞ ĞĞ”Ğ Ğ£ĞšĞ ĞĞ˜ĞĞ« Ğ˜ ĞĞ¢ ĞŸĞ£Ğ¢Ğ˜ĞĞ, Ğ˜ ĞĞ¢  ĞĞĞ ĞĞ”Ğ Ğ’ Ğ ĞĞ¡Ğ¡Ğ˜Ğ˜!!!",Neutral
From Uzbekistan ğŸ‡ºğŸ‡¿ğŸ‡ºğŸ‡¿ğŸ‡ºğŸ‡¿ğŸ‡ºğŸ‡¿ğŸ‡ºğŸ‡¿ğŸ‡ºğŸ‡¿ğŸ‡ºğŸ‡¿ğŸ‡ºğŸ‡¿ğŸ‡ºğŸ‡¿ğŸ‡ºğŸ‡¿ğŸ‡ºğŸ‡¿,Neutral
Yamal is simply too good  at his age.,Positive
Yamal has many goals in that position,Positive
Hold that N.Williams,Neutral
"Raphinha turning out to be the Barca Kante, man is an engine.....!!!!",Neutral
Lewa lewa â¤â¤â¤â¤,Neutral
Vamos BarÃ§a!,Neutral
âœ¨âœ¨âœ¨âœ¨ğŸ”¥ğŸ”¥ğŸ”¥ğŸ”¥ğŸ”¥,Neutral
"Well done,  Good job, guys ğŸ‰",Positive
Lewan despuÃ©s de. 4 tiros metiÃ³ un gol,Neutral
Good ğŸ’™â™¥ï¸ğŸ’ª,Positive
ĞŸĞ¾Ñ€Ğ° Ğ±Ñ‹ ÑƒĞ¶Ğµ Ğ²Ñ‹Ğ¸Ğ³Ñ€Ñ‹Ğ²Ğ°Ñ‚ÑŒ Ğ›Ğ§!!!,Neutral
MISTRZ MISTRZ BARCA MISTRZ  ğŸ’™â¤ï¸ğŸ’ªğŸ’ªğŸ”µğŸ”´âš½âš½âš½ğŸ’ªğŸ’ªğŸ’ªğŸ’™â¤ï¸ğŸ’¯ğŸ’™â¤ï¸ğŸ’ª,Neutral
ÙÙŠØ³ÙƒØ§ Ø¨Ø±Ø³Ø§â¤ï¸ğŸ’™ğŸ¥°ğŸ‡µğŸ‡¸,Neutral
Kounde was awesome,Positive
"Congratulations, oh. Barsa I love you so much â¤ğŸ˜Šâ¤",Positive
Visca barÃ§a â¤ğŸ’™ğŸ’›ğŸ’£ğŸ”¥ğŸ”¥ğŸ”¥,Neutral
This Barza gives better sensations than Xaviâ€™s.,Positive
8-2,Neutral
No vendan a araujo que handi flick hable  con el el Manchester city lo quiere y tambien a pedri que  tambien que hable hansi flick con los y vendan a de Jong,Neutral
Brokelona,Neutral
0:41 â¤,Neutral
visca barca,Neutral
hansai flick is saving barca.,Neutral
Culers please do no high up your expectations this season pls or we would be shocked just like last season,Negative
"ÙÙŠØ³ÙƒØ§ Ø¨Ø§Ø±Ø´Ø§ 
â¤ğŸ’™",Neutral
how many UCL do you haveğŸ˜‚?,Positive
Iâ€™m so glad lewa finally got his goal visca Barca from England,Positive
Visca BarÃ§a â¤â¤â¤â¤â¤â¤,Neutral
Age is number ğŸ˜€ğŸ˜€Lewa â¤ğŸ‰ğŸ’ğŸ™ğŸ¤«,Neutral
he only scores bangers man,Neutral
ğŸ‘ğŸ»ğŸ‘ğŸ»ğŸ‘ğŸ»ğŸ‘ğŸ»ğŸ‘ğŸ»ğŸ‘ğŸ»ğŸ‘ğŸ»ğŸ‘ğŸ»,Neutral
Love Lewa but he would be 3 times better player if he is not so selfish,Positive
visca barca,Neutral
â¤,Neutral
Ø§Ø®ÙˆØ§Ù†ÙŠ Ø§Ù„ÙƒØªÙ„Ø§Ù† Ø§Ù„Ù…ÙˆØ¶ÙˆØ¹ ÙƒØ§Ø§Ù„Ø§ØªÙŠ Ø­Ù…Ø¯ÙˆÙ† Ø®Ø³Ø± Ø§Ù„Ø¯Ù†ÙŠØ§ ÙˆØ§Ù„Ø¢Ø®Ø±Ø© Ø§ØªØ¬Ù‡ Ø¥Ù„Ù‰ Ø§Ù„ÙŠÙˆØªÙŠÙˆØ¨ Ø­ØªÙ‰ ÙŠØ¹Ù…Ù„ Ù…Ù‚Ø§Ø±Ù†Ø§Øª Ø¨ØªØ¬Ø§ÙˆØ² Ø¹Ø¯Ø¯ Ø§Ù„Ù…ØªØ§Ø¨Ø¹ÙŠÙ† Ù„Ù…ÙŠØ³ÙŠ ÙˆÙ„Ø¨Ø±Ø´Ù„ÙˆÙ†Ø© Ø¹Ù„Ù‰ Ù…ÙˆÙ‚Ø¹ Ø§Ù„ÙŠÙˆØªÙŠÙˆØ¨ ÙˆÙ„Ù… ÙˆÙ„Ù† ÙŠÙ‚Ø¯Ø± Ø¹Ù„Ù‰ ÙƒØ£Ø³ Ø§Ù„Ø¹Ø§Ù„Ù… ğŸ˜‚ğŸ˜‚ğŸ˜‚ğŸ˜‚ğŸ˜‚,Neutral
Nobody can deny Lewandowski as a god striker,Neutral
ğŸ›‘ğŸš§,Neutral
Viscabarca,Neutral
"SÃ­, ser del BarÃ§a Ã©s el millor que hi ha!",Neutral
"FELICIDADES EQUIPO, UNA GRAN VICTORIA MUY IMPORTANTE...QUE PASA CON GABI?? COMO ESTÃ Y PORQUE NO JUEGA...SIGUE LESIONADO?? VISÃ‡A BARÃ‡A SIEMPRE!!! â¤ğŸ’™â¤ğŸ’™â¤ğŸ’™ğŸ’ªğŸ’ª",Neutral
"Never start Ferran again, PLEASE!!!",Neutral
Ø§Ù„Ù„ÙŠ Ø¨Ø­Ø¨ ÙŠØ­Ø¶Ø± ØªØ§Ø±ÙŠØ® ÙŠØªÙØ¶Ù„ Ø¹Ù†Ø¯ÙŠ Ø¹Ù„Ù‰ Ø§Ù„Ù‚Ù†Ø§Ø©,Neutral
LEWA 3.0,Neutral
2:21,Neutral
0:22,Neutral
â¤,Neutral
What else do u expect when Nico Williams is charged with marking his close friend yamal for dis goal of course he won't stop him ğŸ˜‚,Neutral
âœ¨âœ¨âœ¨âœ¨âœ¨âœ¨,Neutral
LewandosgoalğŸ‰ğŸ‰,Neutral
"Anybody noticed that Nico was defending Yamal, when he scored? Feels a bit awkward seeing them play against each other after the euros",Negative
Congratulations from Bangladesh ğŸ‡§ğŸ‡©ğŸ‡§ğŸ‡©ğŸ‡§ğŸ‡©ğŸ‡§ğŸ‡©ğŸ‡§ğŸ‡©,Neutral
"Barcelona is in a mess right now. Daniolmo has not registered, GÃ¼ndo has not been able to keep it, and Ferrantores is not being soldğŸ˜”",Positive
ğŸ’™â™¥ï¸,Neutral
Lewandowsky juwara ğŸ‘ğŸ†ğŸ†ğŸ†ğŸ†ğŸ†ğŸ†ğŸ†ğŸ†ğŸ†ğŸ†ğŸ†ğŸ†ğŸ†ğŸ†ğŸ†ğŸ†ğŸ†ğŸ†ğŸ†ğŸ†ğŸ†ğŸ†ğŸ†ğŸ†ğŸ†ğŸ†ğŸ‡²ğŸ‡¨,Neutral
bamos,Neutral
Laporta and deco step down,Negative
Yamal is exceptional ğŸ‰,Positive
How was that even close to a penğŸ˜‚ğŸ˜‚,Neutral
"Yamal and Raphina running to serve Lewa, this is cooking",Neutral
"Raphina plays his heart out everytime, we appreciate it",Neutral
I'm loving this new role for Raphinha. I look forward to the dazzling surprises to come.,Positive
Dios quiera y nuestro delantero leon ya gane esta temporada un campeonato!! Lewandowski!!,Neutral
"This is adorable Barca of 2008-2009 ,Marc Bernal is a baller and splendid work on the middle,Lamine Yamal shouldn't have to play 90 minute vs historical bitter rivalry Athletic Club.6 points out of tow tough teams in La Liga,all the best boys.",Positive
Bestâ¤ğŸ’™,Neutral
Vamos ğŸ’ªğŸ’ªğŸ’ªğŸ‘ğŸ‘,Neutral
Laporta fuera ğŸ˜¡ğŸ˜¡ğŸ˜¡ğŸ˜¡,Neutral
Lamine Yamal's goal was exquisite ğŸ¤©,Positive
Nico just let yamal take the shotğŸ’€,Neutral
who thinks Mr. goalski will score every match,Neutral
LewanGOLsky IS BACK. FerrÃ¡n OUT,Neutral
Rafinha passğŸ˜ğŸ’¥ğŸ’¥,Neutral
Yamals goal here was almost like his euro and he did the same celebration,Neutral
"Excellent coaching from Flick.
THis could have easily been a 4-0 win from Barca considering the big chances from Lewandowski.
Bilbao never looked like they were going to score if not for the mistake by Cubarsi. Great performance from the whole team.",Positive
ğŸ’™â¤,Neutral
Lewa sharp af wtf,Negative
ğŸ¦¾ğŸ¦¾ğŸ¦¾ğŸ¦¾ğŸ¦¾âœ¨âœ¨âœ¨âœ¨,Neutral
â¤â¤,Neutral
Lewadoski and Yamal are the new Messi and SuarezğŸ˜‚ğŸ˜‚,Positive
Fartcelona ğŸ˜‚ğŸ˜‚,Neutral
Oh.. The club that doesn't know how to respect their legends and top players have a highlight video.,Positive
ter stegen conceding 13 of his 13 pens he's faced. When was the last time he even saved a pen?,Neutral
shit insane...5 players in starting lineup 17-21 years old...playing 3     17 year olds in starting lineup its crazy,Negative
Calma calma Ronaldo â¤,Neutral
Barcelona really played well,Positive
2:50 what a pass ğŸ˜®â€ğŸ’¨ğŸ‘‘,Neutral
Misca barcaâ¤â¤â¤â¤â¤,Neutral
Love from Bangladesh â¤ğŸ‡§ğŸ‡©,Positive
I Wonder what barcelona fc would look like without Lewandowiski. Keep on shining champ!!!,Neutral
â¤ï¸ğŸ’™â¤ï¸ğŸ’™â¤ï¸ğŸ’™â¤ï¸ğŸ’™â¤ï¸ğŸ’™â¤ï¸ğŸ’™ğŸ˜ğŸ˜ğŸ˜ğŸ¥°ğŸ¥°ğŸ¥°ğŸ¥°,Neutral
Great edit. Thank you.,Positive
Lewandowski jest jak dobre wino Czym starszy tym lepszy A w Hiszpanskiej lidze z leszczami jeszcze namiesza,Neutral
Lewa different i never seen player at 36 playing with this power,Neutral
Bernal ğŸ‘ğŸ»ğŸ‘ğŸ»ğŸ‘ğŸ»ğŸ‘,Neutral
Bravo BarÃ§a,Neutral
â¤â¤,Neutral
I always write on my status....'The season will be interesting'........Culers forever â¤ï¸ğŸ’™ â¤ï¸ğŸ’™,Positive
3 0 ğŸ˜‚ğŸ‰ğŸ˜‚ğŸ‰ğŸ˜‚,Neutral
Lewandowski under Hansi flick and pep is monster,Neutral
Ronaldo is the goat ğŸ  suuiâ¤,Neutral
Lewandowski now only needs to learn how to cutback and pass,Neutral
Bro Raphinha is our best player right now ğŸ˜ğŸ˜,Positive
"Good match , Yamal again make show ! âš½ğŸ˜„",Positive
Lets Go Vamos Forca Barca Fc Barcelona Forever â¤ï¸ğŸ‡ªğŸ‡¸ğŸ‘ğŸ»âœŒğŸ»ğŸ‘€âš½ğŸ‘ŒğŸ˜ğŸ˜Š,Neutral
â­â­â­â­â­â­ğŸ’¥ğŸ’¥ğŸ’¥,Neutral
"Bro, that goal from Lamine yamal was like the Euro 2024",Neutral
Ø¨Ø±Ø³Ø§,Neutral
Bayern Munich 8-2 Barcelona,Neutral
good â¤â¤,Positive
They need a striker like Luis Suarez or Samuel Etoo,Neutral
Lewandowski too selfish,Negative
Lamine is the new Ronaldinho,Positive
Hansi Flick getting the best out of Lewa again!,Positive
Good wideo,Positive
ğŸ˜‚ğŸ˜‚,Neutral
Lewandowski's new job is as a postman?,Positive
"1. We NEED to sell de jong
2. Raphinha is an incredible player, he created a LOT of good chances",Positive
VisÃ§a BarÃ§a â¤ï¸ğŸ’™,Neutral
"1:15 
lewandowski could pass it back!",Neutral
ğŸ”µğŸ”´ğŸ’ªğŸ¼,Neutral
Full match please,Positive
Mabrok BarÃ§a â¤â¤â¤â¤,Neutral
"balde pedri lewa, yamal cooking",Neutral
Raphina i love you what a player,Positive
Vamos Barca ğŸ’™â¤ï¸ğŸ‘ğŸ¼,Neutral
2 partidos = 6 puntos. seguimos trabajando.,Neutral
Lewandowski is a phenomenon.â¤,Neutral
"Y pudo fÃ¡cil terminar en goleada... dos postes, una atajada providencial.",Neutral
Mes Que Un club,Neutral
When is nico joining barca?,Neutral
Lewandoski deserve mvp,Neutral
Jawohl Barcelona ğŸ˜ŠğŸ‘âš½ï¸,Neutral
Lamine is the future button â¤,Neutral
"Lewa was so close to a hattrick, hit the post 2 times",Neutral
Yo are barca back?,Neutral
nico ğŸ˜˜ğŸ¤«ğŸ¤«ğŸ¤«,Neutral
LEWAğŸSKI,Neutral
Where's Nico ğŸ˜‚,Neutral
barca are back!,Neutral
"omg, lamine is getting better after euroğŸ‘ğŸ‘",Positive
Visca BarÃ§a â¤ğŸ’™,Neutral
why pedri CDM?,Neutral
"Visca el Barca 
Visca el Catalunya ğŸ‡§ğŸ‡©",Neutral
Nico Williams who?,Neutral
Marc bernalğŸ‰,Neutral
Ø§Ø³Ù…ÙŠ Ø§Ø­Ù…Ø¯ Ø¹Ù…Ø±ÙŠ 15 Ø­Ù„Ù…ÙŠ Ø§ÙƒÙˆÙ† ÙŠÙˆØªÙŠÙˆØ¨Ø± Ø§Ø´ØªØ±Ùƒ ÙÙŠ Ø§Ù„Ù‚Ù†Ø§Ù‡ ğŸ¥ºğŸ™ğŸ˜¢,Neutral
So no team likes Ferran Torres even for Loan plsğŸ˜¢ğŸ˜¢ğŸ˜¢,Neutral
Forca Barca!,Neutral
Lewandowski on fire,Neutral
<3,Positive
I know we still have a lot of doubts but let's hope big. Visca BarÃ§a ğŸ‰ğŸ‰ğŸ‰ğŸ‰,Neutral
Lewandowski very unlucky. Hitting post 2 times is unfortunate,Negative
Messi fans like here....,Neutral
Viska BarÃ§a ğŸ’™â¤ï¸ğŸ‡ªğŸ‡¦ğŸ‡²ğŸ‡¦,Neutral
"Raphina bro, we see everything!
How hardworking this man is ğŸ™ğŸ»",Neutral
Excellent play my beloved Barca players,Positive
could have been a much better match for Lewy,Positive
"WHAT A FAILED CLUB WE HAVE BEEN WHEN A 36-YEAR-OLD STRIKER IS GIVING US GOALS AND WE ARE NOT ABLE TO BRING YOUNG PLAYERS - STRIKER, WE BROUGHT A PAST ROQUE WHOM WE SENT TO ANOTHER CLUB ğŸ˜£ğŸ™â€â™‚ï¸ğŸ¤¦ğŸ¼â€â™‚ï¸ UNFORTUNATELY, WE WILL NOT WIN ANYTHING THIS YEAR AND WE CAN ONLY DREAM OF THE CHAMPIONS LEAGUE TROPHY.
I WOULD LIKE NOT TO WRITE THIS BUT....... ğŸ˜­ğŸ˜­ğŸ˜­ğŸ˜­ ğŸ‘‹ğŸ»ğŸ‡­ğŸ‡·",Negative
Ğ Ğ°Ñ„Ğ¸Ğ½ÑŒÑ ĞºÑ€ÑƒÑ‚ â¤ Ğ—Ğ°ĞºĞ¾Ğ½Ğ¾Ğ¼ĞµÑ€Ğ½Ğ°Ñ Ğ¿Ğ¾Ğ±ĞµĞ´Ğ°!,Neutral
visca barÃ§a,Neutral
"Blade has a wonderful game.who else noticed. Asides raphina, lewy n lamal n maybe pedri, blade did so well going forward",Positive
"Lewy was brilliant, so unlucky for him to not have a hat-trick yesterday",Positive
Flick is doing good work at Barca !! And always needed a highly experienced coach to lead Barca â€¦Lewa back to beast mode under Flick!!,Positive
We talk about Ronaldo and Messi a lot but Mr lewandowski age 36 playing in Europe top league still scoring and creating â¤ï¸â¤ï¸â¤ï¸,Positive
Love from Bangladesh â¤â¤,Positive
Limine yamal ğŸ¥µğŸ¥µğŸ¥µ,Neutral
The way raphina is playing is making me emotional. What a hard working player he is,Negative
What a matchâ¤,Neutral
Agora sÃ³ esperar real perder,Positive
Raphinha was ğŸ”¥,Neutral
"I feel like Hansi Flick has some real tactical influence on the way Lewandowski plays, it's nice to see him play well even at this age, as a bayern fan ğŸ‘Œ",Positive
Lewa deserved a hat-trick tbh,Neutral
So many attempts by Lewa and finaly scores at 76's.. Absolutely reasonable,Positive
"que siga asi lewandowski, a lo mejor bajo el mando de flick va a volver",Neutral
Best club in the world,Positive
"Lewa is not finished .
Raphinha is underrated .
It's Yamal's era.",Neutral
"0:50 

Ah damn it i should moved to barca bro",Neutral
CR > BARCELONA,Neutral
Lamine scores bangers,Neutral
Lewangolski happy birdday,Positive
I am a mardid fan . But I'm super happy to see that lewagoalski is back,Positive
"Lewandowski is an elite striker i swear, peep his movement",Neutral
LewangolskiğŸ”¥ğŸ”¥ğŸ”¥ğŸ”¥ğŸ”¥ğŸ”¥,Neutral
"Rapha plays for the team ğŸ”¥
Lewy is going to cook this season ğŸ’£",Neutral
"i notice the different between xavi and flick was xavi always depends on his best squad and alwsays whinning when he get lost because his squad is not very deep, while flick hes not whinning with his squad cause he know how to played with his current squad. but all loved for xavi as LEGEND, but hes not the right coach for Barca tbh",Positive
"If all of stars play like this and Lewa at 36 creating so many chances we have cooked.

PS:Never forgetting our keeper,our captain,our wall 
TER STEGEN",Positive
nico cooked by yamalğŸ˜‚ğŸ˜‚ğŸ˜‚ğŸ˜‚ğŸ˜‚,Neutral
Escopeta de feria polaca. Si falla todo eso Vitor Roque lo mataÃ­s,Neutral
great performance from the guys,Positive
Congratulations to Barca,Neutral
BARÃ‡A IS ON FIREğŸ‰ğŸ‰ğŸ‰ğŸ‰,Neutral
who was our  best player?,Positive
VISCA BARCA ğŸ”¥,Neutral
chat is lewy finished ?,Neutral
Raphina is just cooking,Neutral
Messi huuu,Neutral
"Barca 6p
Real 1pğŸ˜‚ 
VISCA BARCA ğŸ’™â¤ï¸",Positive
Stop putting raphina on the bench,Neutral
"ĞšĞ°Ğº Ğ¿ĞµÑ€ĞµÑˆÑ‘Ğ» Ğ² ĞºĞ¾Ğ¼Ğ°Ğ½Ğ´Ñƒ Ğ›ĞµĞ²Ğ°Ğ½Ğ´Ğ¾Ğ²ÑĞºĞ¸, ÑÑ€Ğ°Ğ·Ñƒ Ğ¿ĞµÑ€ĞµÑÑ‚Ğ°Ğ» Ğ¸Ğ½Ñ‚ĞµÑ€ĞµÑĞ¾Ğ²Ğ°Ñ‚ÑŒÑÑ Ğ‘Ğ°Ñ€ÑĞµĞ»Ğ¾Ğ½Ğ¾Ğ¹.",Neutral
Haters of lewa where are you this time ğŸ˜‚ğŸ˜‚ğŸ˜‚,Neutral
If lewa can that time realise two danger shots barca will be win this match 4-1,Positive
"Lewy! ğŸ’™â¤ï¸
Yamal ğŸ’™â¤ï¸
VISCA BARÃ‡A ğŸ’™â¤ï¸",Neutral
Good game,Positive
Pedri once again absolute class,Positive
0:21 thought he was Zlatan ğŸ˜…,Neutral
â¤ï¸ğŸ’™,Neutral
They still canâ€™t register Olmo ğŸ˜‚  those Greek accountants sure had f them hard.,Positive
This is The BARCA that plays AWESOME,Positive
@barcelona.20_fc,Neutral
Also Ferran played very well,Positive
Lewa must score 4goals in a game,Negative
Every defender there was ball watching ğŸ˜®,Neutral
Love You Barcaâ¤ğŸ’™,Positive
Leva wasnot good this match he missed many goals,Positive
should have been 5-1,Neutral
King Yamal,Neutral
Lewandowski has again became a beast under Hansi Flick .,Neutral
lewandowski hampir mencetak quatrick,Neutral
I have a YouTube channel,Neutral
"Esta temporada, DoskiMagic cocinarÃ­a â¤",Neutral
Perdiii Pedriii Pedriiiii after a year watching him âœ¨ğŸ©,Neutral
Perdiii Pedriii Pedriiiii after a year watching him âœ¨ğŸ©,Neutral
Perdiii Pedriii Pedriiiii after a year watching him âœ¨ğŸ©,Neutral
Ù…Ø´ Ù…Ø¹Ù‚ÙˆÙ„ Ø§Ù„ØªØ·ÙˆØ±  ÙÙŠ Ø§Ù„Ø§Ø¹Ø¨ÙŠÙ† Ø§Ù„Ø¯ÙˆØ±ÙŠ Ù„Ø¨Ø±Ø´Ù„ÙˆÙ†Ø© ÙˆØ±Ø¬Ø¹ÙˆÙˆÙˆÙ„ÙŠ â¤ï¸ğŸ’™ğŸ”¥ğŸ‘ğŸ»,Neutral
Prime Lewa on its way,Neutral
"Lewaâ€™s performance in this match was the perfect example of â€˜keep trying, your time will comeâ€™ â¤",Positive
Barca is owning the league. This is what I like to see as a BARCA fan. Visca Barcaâ¤ğŸ’™,Neutral
Fuck you barcelona,Negative
"I feel like Kounde should take some more risks at shooting himself. Some of his crosses were meh but overall
Good game",Positive
"Barca siap meraih gelar, lewa menemukan kembali performa terbaiknyA, STRIKER HAUS GOL",Neutral
Ù…Ø¹ÙƒÙ… ÙÙŠ Ø§ØªØ±Ø§Ø­ Ù‚Ø¨Ù„ Ø§Ù„Ø§ÙØ±Ø§Ø­ â™¥ï¸ğŸ’™,Neutral
Ø³Ø¨Ø­Ø§Ù† Ø§Ù„Ù„Ù‡ Ø§Ù„Ø­Ù…Ø¯Ù„Ù„Ù‡ Ù„Ø§ Ø¥Ù„Ù‡ Ø¥Ù„Ø§ Ø§Ù„Ù„Ù‡ ÙˆØ­Ø¯Ù‡ Ù„Ø§ Ø´Ø±ÙŠÙƒ Ù„Ù‡ Ù„Ù‡ Ø§Ù„Ù…Ù„Ùƒ ÙˆÙ„Ù‡ Ø§Ù„Ø­Ù…Ø¯ ÙˆÙ‡Ùˆ Ø¹Ù„Ù‰ ÙƒÙ„ Ø´ÙŠØ¡ Ù‚Ø¯ÙŠØ± ÙˆØ§Ù„Ù„Ù‡ Ø§ÙƒØ¨Ø±,Neutral
Ø§Ù„Ù„Ù‡Ù… ØµÙ„ ÙˆØ³Ù„Ù… Ø¹Ù„Ù‰ Ø³ÙŠØ¯Ù†Ø§ Ù…Ø­Ù…Ø¯,Neutral
"Raphina was just fire in this match, his passes were ğŸ”¥",Neutral
Visca barÃ§aâ¤ï¸ğŸ’™,Neutral
"Lewandonski still selfish, easy tap in for ferran if he passed",Negative
"I love this version of Barca, score could've easily been 4-1",Positive
Always the heroesğŸ’™â¤ï¸.,Neutral
Robert is a monster with Hansi,Neutral
Barca forever ğŸ’™â™¥ï¸,Neutral
Lewandowski would have been hat-trick,Neutral
Lewa is by far the best player in an 4-2-3-1 format played by Flick & u all shouldn't doubt man's class - Hansi Flick knows him the best he will make him cook more ğŸ”´ğŸ”µğŸ—¿ğŸ™ŒğŸ»ğŸ’¯ğŸ’¯,Positive
If we sell raphinha minimum 100 million for him.,Neutral
Lamine golazooooooo ğŸ’™â¤ï¸ğŸ’™â¤ï¸ğŸ’™â¤ï¸ğŸ’™â¤ï¸ğŸ’™ğŸ’™â¤ï¸ğŸ’™VISCA el barÃ§a,Neutral
"Everyone doubted Lewy but he's him tbh ğŸ—¿ğŸ’¯ğŸ«¶ğŸ»ğŸ”´ğŸ”µ

Raphinha - Lewy - Yamal 
Killer attack ğŸ’¯ğŸ™ŒğŸ»

Lewy had bad luck could have been 4 goals for him. I hope he shines and redeem his form because for me he's a legend & Hansi Flick knows him the best ğŸ’¯. He will surely cook more ğŸ¤ğŸ‘ğŸ»ğŸ’¯",Positive
You're telling me Lewa could've scored 6 goalğŸ˜®,Neutral
Hola barcelona,Neutral
Why do they upload without commentary?,Neutral
Lewandowski is forever lethal goddamnğŸ˜¢,Neutral
Barca is lucky to have lewandowski,Positive
visca barÃ§a visca catalunya,Neutral
Mbappe who  we have lewangoalski,Neutral
Raphina = Rivaldo,Neutral
2:54,Neutral
"Polska gÃ³rÄ…, znowu Robert daje Barcy 3 punkty.",Neutral
Raphinha is beast. Great player.,Positive
"pieknie,nooo...teraz bylo widac podania do Lewego...gratulacje",Neutral
Ferran torres is the Most useless footballer ive ever seenâ€¦He offers nothing on the pitch,Positive
Please donâ€™t play ferran torresâ€¦,Neutral
FÃ©licitations ğŸ‰ğŸ’™â¤ï¸ğŸ’ªğŸ½,Neutral
He reminds me of messi,Neutral
"Visca barÃ§a
Visca catalonia
Mes que un clubs",Neutral
Bamos ğŸ‰ğŸ‰,Neutral
Yamal Goalllll,Neutral
Robert Lewy Lewandowski ğŸ‡µğŸ‡±ğŸ‡µğŸ‡± MVP,Neutral
"AsÃ­ de pegan botones, uno a uno, paso a paso mientras el club hace todo a su alcance por mejorar aÃºn mÃ¡s la plantilla y lo lograremos, seguro. Visca BarÃ§a!!!",Neutral
36 year old still on firee,Positive
â¤,Neutral
What a game raphinaâ¤,Negative
Pedri man....what a player,Neutral
ğŸ˜‰,Neutral
Barca looking strong under flick and lewa is back to lewa we know in Bayern congrats,Positive
ÙÙŠØ³ÙƒØ§ Ø¨Ø±ØµØ§ â¤,Neutral
If Barcelona sell Raphina I'll hate you forever flick find his positionğŸ”¥ğŸ”¥ğŸ”¥,Negative
Please please please please please let this version of lewa continue when we're in the heat of cl matches as well,Neutral
Raphiya  is the greatest ğŸ’¯ he need to stay â¤,Positive
visca barca for ever,Neutral
 forÃ§a barÃ§aaaaaaa ,Neutral
Lamine YamalğŸ’™â¤ï¸,Neutral
"Meaning of life... WORSHIP THE CREATOR NOT HIS CREATION âš ï¸SAY, GOD IS ONLY ONE. HE IS SELF-SUFFICIENT. HE BEGOT NOT NOR HE BEGOTTEN. THERE IS NOTHING LIKE TO HIM. QURAN 112 â¤ï¸",Neutral
I really wish this coach doesn't put Ferran Torres on the field anymore. Pau Vitor is much better and can easily play behind or next to Lewandowski. Please please sell or loan Ferran Torres to another team.,Positive
Lewa on fireğŸ”¥ğŸ”¥He could have easily scored a hattrick had the balls gone in...Flick doing a great jobâ¤â¤,Positive
"Raphinha my guy has been balling out lately, even for brazil he has been a beacon of excellence in a sea of mediocrity nglâœï¸",Negative
"Visca el Barca, Back on track â¤
Long way to go â¤â¤",Negative
Harus pucuk.ğŸ‰,Neutral
Grande Barca,Neutral
"Lamine plays with such fluidity and awareness in his dribbling, passing, and playmaking. He will become a true Legend",Positive
Ferran out,Neutral
Lamine the starkidğŸ‰,Neutral
"Lewandowski sucks and if it wasnâ€™t for the goal he shouldâ€™ve gotten a 1/10. The guy is clearly washed, we need to move on from him in January!",Negative
Dead club,Negative
Form is temporary but his class is permanent,Neutral
Barce please wake up,Neutral
Raphinha!,Neutral
ğŸ’™â¤,Neutral
"The ""Flick effect"" is in motion folks ğŸ˜ƒğŸ”µğŸ”´ğŸ”¥",Neutral
Overated whyâ€™s he on the thumbnail R9 has been the one making most of the goals,Positive
"Lewandowski forever one of us , nur der FCB ğŸ”´âšª",Neutral
100% confidence we will be going places this season if we continue on this projection.,Neutral
"It's official, Raphina gat 4 lungs now.. He has reached Gavi level! ğŸ˜¤",Neutral
He is good but never compare him with KING MESSI.,Positive
Barca gonna cook,Neutral
"It would have been crazy to leave Gundogan alone. There weren't any good contracts. Sending Gundogan without releasing a player who should have been released shows really poor management skills. Deco, Laporte out!!!!",Negative
Â¿En verdad eso es penal?,Neutral
Visca BarÃ§ağŸ’™â¤,Neutral
wonderfull,Neutral
Yamal never scores simple goals,Neutral
More to go Lamine!!â¤,Positive
"Lewandowski is whatever he thinks he is... Perfect in all striking aspects... Headers, positioning, use of both legs, shot accuracyğŸ™ŒğŸ™ŒğŸ™Œthe man, the myth, the legend... Yamal is making football look easy",Positive
"Laporta plzz resign and also ur management plzz don,t destroy our beloved club",Positive
"Well played teamâ¤ï¸, superb ğŸ‘ğŸ‘, you need to play like this from day one â˜ï¸, pressing is more important, raphina has improved a lot ğŸ”¥ğŸ”¥,  our rb is in ğŸ”¥ğŸ”¥ tooâ¤ï¸â¤ï¸â¤ï¸â¤ï¸, recovery is important now.",Positive
â¤â¤â¤â¤â¤Barcelona â¤â¤â¤â¤,Neutral
The chances we created were so good we shouldâ€™ve had a better goal margin but hey at least we won,Positive
Barca this season something else Visca Barca ğŸ˜ğŸ¤©,Neutral
"Ronaldo own Barcelona in everytime 
On the field and also off the fieldğŸ˜‚ğŸ˜‚ğŸ˜‚ğŸ˜‚ğŸ˜‚ğŸ˜‚ğŸ˜‚",Positive
"VERGONZOSO PARA LAPORTA ,VER A NICO WILLIAMS EN EL ATHLETIC,LEÃ VARIAS VECES QUE EL BARCA YA LO HABÃA CONTRATADO
PERO CLARO,CON ESTE MISERABLE MAFIOSO NADA SE PUEDE DAR POR HECHO.",Negative
"Solid game, well done! ğŸ’™â¤ï¸
However, I'm so dissapointed by the fans who were booing Nico today. That was disgusting",Negative
Three goals in two game of  Lewandowski ğŸ˜®The season is starting well,Negative
2020 BallonDi'or should be issued to King Lewa. That's fairness,Neutral
Lewy goat,Neutral
just like the euros lamin yamal scores a banger and is my favorite player,Positive
Harris Michelle Davis Donna Thompson Lisa,Neutral
Kon kon India se barcelona ka respect hai subscribe here ğŸ‡®ğŸ‡³ğŸ™ğŸ‘ˆğŸ‘ˆğŸ‘ˆğŸ‘ˆğŸ‘ˆğŸ‘ˆğŸ‘ˆğŸ‘ˆğŸ‘ˆğŸ‘ˆ,Neutral
ğŸ’™â¤ï¸,Neutral
How many attacking midfielders in Barcelona squad?,Positive
"It's super important not to stop, regardless of the difficulties, we have to win these games.ğŸ”µğŸ”´",Positive
Lewandowski unlucky,Neutral
"Great performence, congratulation",Positive
Lewa nearly hatrick,Positive
basta de anuncios,Neutral
Lewandowski is looking very much like his prime self thanks to Hanse Flick. Those sliding shots on goal remind me of Lewangoalski...,Positive
VISKA BARÃ‡A VISKA KATALOÃ‘A,Neutral
VisÃ§a barÃ§aâ¤ï¸ğŸ’™â¤ï¸ğŸ’™,Neutral
Williams shouldn't be at that club,Neutral
Unlucky lewa but finally got a goal,Neutral
Ferran Tores duhet tÃ« largohet nga Barcelona,Neutral
Nico couldn't stop Lamine after chasing him and Lamine scores,Neutral
Beautiful goal for Lamine Yamal,Positive
VisÃ§a barÃ§aâ¤ğŸ’™,Neutral
"That vibe between Nico and Lamine (Barcelona). Dude got his heart in Barcelona, head and body in Bilbao.",Neutral
"I was at the stadion and had a great time ğŸ‰, sadly, Olmo did not play.",Positive
Goal Machine lewandowski  we love you all â¤,Positive
Raphinha âš¡ğŸ”¥,Neutral
"Barcelona
Sign 
Neymar jr",Neutral
"Lewa could've easily had a hatrick, but hit the post twice, unlucky son.",Positive
1:07 yamals dribbling is crazy,Negative
Yamal,Neutral
a lot of loves to Barca from Azerbaijan.,Neutral
"We know our club is declining but atleast these lads are making us happy and feel proudğŸ’
Viscabarca club of my lifeâ¤ï¸ğŸ’™",Positive
Ù„ÙŠÙØ§ Ù‡Ø°Ø§ Ø§Ù„Ù…ÙˆØ³Ù… Ù‡Ø¯Ø§Ù Ø§Ù„Ø¯ÙˆØ±ÙŠ ğŸ™ƒ,Neutral
"rapahinna was like messi, didnt got any goal or assists but the chances he created were amazing",Positive
Lewandoski under flick is lewangoalski,Neutral
Lewandoski ğŸ”¥ğŸ”¥ he should have score hatrick thou,Neutral
Este mi barca que quiero ver ya sigan asi por favor culer ğŸ˜¢,Neutral
Lewy lewy lewy lewangolskiğŸ˜…ğŸ˜…,Neutral
Someone tell  yamal not to do knee slides it's risky bro ğŸ˜­ğŸ˜­,Neutral
Ferran played so good  today unlucky not to get a goal or an assist  visca BarÃ§a visca el Catalunya â¤ï¸ğŸ’™,Positive
Visca barcaâ¤ğŸ’™,Neutral
yamal & lewaâ¤,Neutral
Great game by the team â¤ğŸ’™ visca barca !!!,Positive
ğŸ’™â¤ï¸,Neutral
team played great. but i want laporta out. barca behind curtains is absolutely unprofessional,Positive
"Resumen pobre, minimo 10 minutos tienen que durar",Neutral
Prime lewandowskiğŸ‘,Neutral
Rafinha = Di Maria,Neutral
unlucky lewy bro,Neutral
Lewy was unlucky today,Neutral
Hi!,Neutral
Algo le dijo Yamal a Nico,Neutral
so camp NOU is just open like that no shelter from the rainğŸ˜‚ğŸ˜‚ğŸ˜‚ğŸ˜‚ğŸ˜‚ğŸ˜‚,Neutral
The whole team on fire ğŸ”¥ğŸ”¥ğŸ’™â™¥ï¸VISCABARCA,Positive
Yamal hizo ese golazooo ... por el nombre de ese portero ğŸ˜‚,Neutral
Visca Barca Visca Catalonia 1:24,Neutral
Barcaâ¤â¤,Neutral
Visca Barca Visca Catalunya ğŸ’™ğŸ’›â¤ï¸,Neutral
yeeeee,Neutral
Put some respect on Raphinha,Neutral
Remember the name lamin,Neutral
Visca barsa,Neutral
Lewandowski missed a legendary hatric ğŸƒğŸ™ƒ,Positive
awesome team+ raphina great work,Positive
I want to playing Barcelona please ğŸ™,Neutral
Lewa topscorer,Neutral
Please barca don't let go of another barca legend (Lewandowski),Neutral
"lamine, lewa, pedri, rapinhağŸ”¥",Neutral
LewağŸ˜‚ğŸ˜‚ğŸ˜‚,Neutral
That deadly crosses  from raphinha were Top NotchğŸ”¥ğŸ’ª,Positive
Raphinha âš¡ğŸ”¥,Neutral
Raphinha is so underrated ğŸ¤˜ğŸ«¶ what a performance ğŸ”¥ğŸ’ª,Neutral
â€â€ª0:43â€¬â€ â€â€ªYamala and Nikolymaz leaned ğŸ˜…,Neutral
Great team playâ¤ğŸ”¥,Positive
Lamine is always scoring bangers,Neutral
laporta deco ferran fati out,Neutral
"Lewangoalski could have scored a hattric today,unlucky!",Neutral
"The team played a great game. Raphinah played the greatest game of his Barca tenure. Yamal was super great as usual with a huge goal. Finally, the Greatest Polish King had a great shot to score the winning goal. The shot destroyed all the unlucky hits he had with posts. Go Barca",Positive
Love Barcelona,Positive
Barcelona should keep Raphinha by any means,Neutral
What a goal for yamalğŸ˜ˆğŸ˜ˆ,Neutral
Barca â¤ğŸ’™,Neutral
Peluang Lewandowski banyak tapi belum rejeki,Neutral
Only thing i don't like is Pau Victor playing out of position,Neutral
Sell Ferran Torres,Neutral
Ferran improving his gameğŸ‘ğŸ‘,Neutral
Lewangoalski,Neutral
How can one watch a replay of the game? Thank you,Negative
Letâ€™s go Visca BarÃ§a I love barÃ§a we win laliga ucl copa del Rey super copa,Positive
Barcaâ¤ï¸â¤ï¸â¤ï¸,Neutral
"Hansi Flick ball , Wow !!!!!!",Positive
VISCA BARÃ‡A ğŸ’™â¤ï¸,Neutral
The first goal is an own goal,Positive
LEWY AND HANSI FLICK ! IT HAS STARTED AGAIN !,Neutral
Flick is the real deal as time goes on he  will be magical for sure .ğŸ’ªğŸ™Œ,Positive
"One bad match y'all start judging lewa nd rapha , shouldn't forget they are big game players and always delivers",Negative
I love this club with all my heart â¤ğŸ’™â¤ğŸ’™,Positive
Catalankah inshalah winğŸ˜®,Neutral
very good performance,Positive
It's so nice to see Lewa get multiple chances to score.  That is a striker's dream.  Just get me the ball.,Positive
"We need more squad depth, because the season is too long & we cannot risk more injury.  If we keep Playing Pedri, Raphinha back to back 90 minutes, we may risk them to injury",Positive
Â¡ForÃ§a BarÃ§a!ğŸ”µğŸ”´,Neutral
"que guste ver a este Barca, me tuvo 90 minutos pendiente, ya se siente la mano de flick esperemos puede mantenerse toda la temporada que pinta mas que bien",Neutral
à¹„à¸¡à¹ˆà¹ƒà¸Šà¹ˆà¸§à¸±à¸™à¸‚à¸­à¸‡à¹€à¸¥à¸§à¸²à¸™ğŸ¤£,Neutral
Rare footage of brokelona fans glazing lawa instead of Yamal ğŸ«µğŸ«µğŸ«µğŸ¤¡ğŸ¤¡ğŸ¤¡,Positive
Vamosss ğŸ’ªğŸ”µğŸ”´,Neutral
Raphina ğŸ”¥ğŸ”¥ğŸ”¥,Neutral
SiuuuscribeğŸ˜‚ğŸ˜‚ğŸ˜‚ğŸ˜‚,Neutral
"When asked about Nico,Flick said Kounde will handle him and damn Nico couldn't even dribble past Kounde once entire matchğŸ”¥One of the most consistent and underrated right full back",Positive
VISÃ‡A BARÃ‡A VISÃ‡A CATALONIA,Neutral
buying 2 good Center back,Positive
Flick Ball is fire so far ğŸ”¥,Positive
We need ultras in the stadium remove their ban,Neutral
Vamos BarÃ§a,Neutral
This is the real play of barÃ§ağŸ˜ŒğŸ’™â¤ï¸.,Positive
"Nico Williams ğŸ¤¡ 1
Yamal ğŸ 2",Neutral
Rafina â¤â¤,Neutral
Me estÃ¡ gustando este nuevo Barca de Flick,Neutral
Barca ğŸ’™â¤,Neutral
Lewa never get old ğŸ’¥,Positive
Lamine making Williams jealous for not joining Barca ğŸ˜‚,Neutral
There we go. Lewandowski is playing much better now!!!,Positive
VISCA BARCAâ¤ğŸ’™â¤ğŸ’™,Neutral
Raphinha was too good,Positive
2 games = 6 points. Just keep it up,Neutral
Asi asi gana el barsaâ¤â¤,Neutral
Yamal cooking ğŸ”¥,Neutral
Raphina vision âœ¨ğŸ˜®,Neutral
ğŸ˜Šâ¤â¤â¤â¤â¤,Neutral
"Visca Barca â¤ï¸ğŸ’™ 
I love the teamwork but individually i love the way raphinha performğŸ‘",Positive
bro Lewandowski first shot is amazing,Positive
à¦²à§‡à¦“à§Ÿà¦¾ Goallllllllll),Neutral
Itâ€™s different game now. No unnecessary back passing. Flickâ¤,Negative
Ù…Ø¨Ø§Ø±Ø§Ø© Ø±Ø§Ø¦Ø¹Ø© Ù„Ø¨Ø±Ø´Ù„ÙˆÙ†Ø© Ø§Ù„Ø¬Ù…ÙŠØ¹ ØªÙ…ÙŠÙŠØ² ÙˆØ£Ø¯Ù‰ Ø§Ù„ÙØ±ÙŠÙ‚ Ù…Ø³ØªÙˆÙ‰ Ù…Ù…ÙŠØ² Ø¨Ø§Ù†ØªØ¸Ø§Ø± Ø¹ÙˆØ¯Ø© Ø£Ø±Ø§Ø®Ùˆ ...Ø¯ÙŠ ÙŠÙˆÙ†Ø¬..Ø£ÙˆÙ„Ù…Ùˆ ...Ø¬Ø§Ø¨ÙŠ Ù„Ù„ÙÙˆØ² Ø¨Ø§Ù„Ø¯ÙˆØ±ÙŠ Ø§Ù„Ø£Ø³Ø¨Ø§Ù†ÙŠ Ùˆ  Ù„Ù„ØªÙ‚Ø¯Ù… ÙÙŠ Ø¯ÙˆØ±ÙŠ Ø£Ø¨Ø·Ø§Ù„ Ø£ÙˆØ±ÙˆØ¨Ø§ Ù‡Ø°Ø§ Ø§Ù„Ù…ÙˆØ³Ù… â¤â¤â¤,Neutral
I Think lewy should be declare as man of the match,Neutral
â¤ï¸ğŸ’™ğŸ«¶ğŸ¼,Neutral
Lamine and lewa are bestâ™¥ï¸,Neutral
"Lamine, raphinha, pedri â¤played really goood",Positive
Robert is returning to his previous performanceğŸ‘. Next year Robert will win the title of best football player. ROBERT You can.â¤â¤â¤,Positive
Oke gas... Oke gas.. gas,Neutral
"Lo dieron todo en la cancha, presionando hasta el final y se asociaron de forma casi perfecta. Este es el camino. Los jugadores estÃ¡n respondiendo en la cancha, espero que la directiva responda fuera de ella.",Neutral
â¤â¤,Neutral
"Not long ago Raphinha received a lot of hate, because he ""played badly"", but now he has known how to be reborn. I love how he plays now. I love you, Raphiâ¤ï¸",Negative
3:24 Gil like lewa,Neutral
Lewa,Neutral
"Flick, bring out the whip and make your players run until they spit out their lungs, and after that, make them run again and again.",Neutral
Olmo will only make this lineup more stronger.,Positive
"Just about everyone on barca team played very well...except of course Ferran Torres whom again continues to fuck up when he's 1v1 with the goalie, just unbelievable. Let's be honest folks, he was lost for most of the game and when he did appear he was just a big letdown. Awful performance or lack thereof.",Negative
"nao tem jeito, ele Ã© muito artilheiro. Lewandowski",Neutral
barca itu masalah nya di kiper,Neutral
ğŸ”´ğŸ”µğŸ”´ğŸ”µğŸ”´ğŸ”µğŸ”´ğŸ”µğŸ”´ğŸ”µğŸ”´ğŸ”µğŸ”´ğŸ”µ,Neutral
visca barca,Neutral
Who won man of the match?,Neutral
"Even at this age, Lewandowski is so good in flick system. Such lethal movements for the opponents. If he wasn't unlucky last night, it would've been another legendary Lewandowski show.",Positive
Raphinha cooking man,Neutral
What a player Raphinha â™¥ï¸ğŸ’™,Neutral
ğŸ‡®ğŸ‡©ğŸ‡®ğŸ‡±â™¥ï¸ğŸ’™ğŸ«¶ğŸ»ğŸ‘,Neutral
olmo kapan bisa di daftarin babi,Neutral
Nikoooâ¤,Neutral
VisÃ§a barca ğŸ’™â¤ï¸âœŠ,Neutral
Bendiciones ğŸ™ğŸ» culers ğŸ’™â¤ï¸,Neutral
Barca played really well. The game should have ended 5-1,Negative
Raphina proved his class this game,Negative
BARCA MY DREAM TO BE ONE OF YOU PLAYER,Neutral
"AM I THE ONLY ONE SEEING A POTENTIAL PENALTY THAT WASNâ€™T EVEN LOOKED AT?

PEEP 2:24 WHERE FERMÃN WAS TRIPPED",Neutral
Lewandoski is not the player he used to be to be at Bayern Munich,Neutral
Visca BARÃ‡A,Neutral
VISCA BARCA ğŸ—£ï¸ğŸ—£ï¸ğŸ—£ï¸ğŸ”¥ğŸ”¥ğŸ”¥,Neutral
OÊ»lgÊ»a Barselona bu yil chempion boÊ»ladi Xudo xohlasa â¤â¤,Neutral
"Que le aproveche al bilbao, ahora que sigan tirando billetitosâ€¦ ForÃ§a BarÃ§a ;D",Positive
"Raphinha as no. 10 is 10/10. In the wizard-dominated Barca world, Raph plays like a berserker. I'm afraid I'll like him if he keeps playing like this. What a performance captain! Visca BarcağŸ’™â¤ï¸",Negative
Wow first gol amazing,Positive
"Como siempre la suerte de los catalufos, pero que no se lo crean mucho .",Neutral
Finally Lewa is being used as a number 9. Flick knows how to get the best out of him.,Positive
Balde is the difference maker for this teamâ¤,Neutral
ë¹ ëª¨ìŠ¤ ë°”ë¥´ìƒ¤~,Neutral
Barcelona is better with a new manager,Positive
Congrats to Barca fans all over the world from a Liverpool fan â¤â¤ğŸ’œğŸ’œ,Neutral
Lewandowski was really amazing â¤â¤ and yamalâ¤â¤,Positive
Lewa playing like darwizzy ğŸ˜‚,Neutral
Prime lewa is back bro ğŸ’€,Neutral
Ğ¡ÑƒĞ´ÑŒÑ Ğ¸Ğ· Ğ ĞµĞ°Ğ»Ğ° ĞšĞ¾Ğ¼Ğ°Ğ½Ğ´Ğ° Ğ¤Ğ»Ğ¸Ğº Ğ·Ğ´Ğ¾Ñ€Ğ¾Ğ²Ğ¾ Ğ¸Ğ³Ñ€Ğ°Ğ»Ğ°,Neutral
Vizca BarcağŸ’™â¤ï¸,Neutral
2:28 he's not mbappe ğŸ˜‚ğŸ˜‚,Neutral
Nico williams come to barca,Neutral
Why is lewa missing every chance,Negative
A shame that Raphina attempt went directly to the goalkeeper. ğŸ¤ğŸ½,Positive
"Espero que sea el primero  de muchos yamal tito ya tiene 3 goles   
Probablemente pele por el pichichiğŸ’™â¤ï¸ğŸ’™â¤ï¸ğŸ’™â¤ï¸ğŸ¤©ğŸ¤©ğŸ¤©ğŸ‘ğŸ‘ğŸ‘ğŸ™Œ",Neutral
Viendo el rendimiento de rafinha en la media punta pienso que flick lo deveria a adaptar a esa posiciÃ³n,Neutral
"That Yamal goal reminded me of Messi's goal against Getafe at Camp Nou in 2009/2010, he is incredible!",Positive
Goals,Neutral
Raphinia,Neutral
Lewandowski's energy is still ğŸ’ªğŸ’ª,Neutral
Why lewa always hit the crossbar ğŸ˜‚ğŸ˜‚,Neutral
yamal,Neutral
â¤ï¸ğŸ‡µğŸ‡¸ğŸ‡²ğŸ‡·ğŸ’™,Neutral
MPV Robert Lewandowski! ğŸ‡µğŸ‡±ğŸ’ª,Neutral
Inshallah they will have a good season,Positive
"Ok Lamine is legit, no more talk of hype. And Raphina doing good as usual, thanks for trying to get that magic goal. He's been instrumental, especially in winning Barca's first post Messi league title.",Positive
Laporta deco out,Neutral
y siguen con esa mierda del tronco torres ğŸ¤¦ğŸ¤¦ğŸ¤¦ğŸ¤¦,Neutral
Visca barca visca CataluÃ±a  barca para toda la vida â¤ï¸ğŸ’™ğŸ¥ºğŸ¥¹âœ¨,Neutral
"I love this gameeeeâ¤ï¸ğŸ’™
Well-done guyyysğŸ’¯ğŸ˜âœ¨",Positive
"ğŸ˜‚ğŸ˜‚ Nico Williams unashamedly letting his best friend score lol, he literally slowed down from closing him down ğŸ˜‚",Positive
Visca barca,Neutral
"Having Ferran Torres a second time in the first eleven, after missing the preseason training and after not showing anything for the National Team, neither in the opener against Valencia makes me seriously doubt Flicks choices. We had Pau Victor shine in preseason, yet Ferran Torres reaps the benefits. That is messed up.",Negative
"YA LLEGARON LOS VERDADEROS GALÃCTICOS
DE LA MAFIABLANCA EN LA FLORENMAFIA LEAGUE ğŸ˜‚ğŸ¥¹ğŸ¤£ SOTO GRADO, GIL MÃ…RRANÃ˜, ETC 
HOY NOS QUISIERON ROBAR Y NO PUDIERON ğŸ¤«ğŸ’™â¤ï¸ CONTRA TODO Y CONTRA TODOS!!! LAS AMARILLAS QUE LE SACARON A NUESTROS JUGADORES FUERON UNA VERGÃœENZA ( EN ESPECIAL LA QUE LE SACARON A LEWANDOSKI...) EN CAMBIÃ“ A LOS DEL BILBAO SI SE LES PERMITIÃ“ AGREDIR A NUESTROS CRACKS CONSTANTEMENTE....
EN FIN ğŸ¤” YA SABEMOS COMO ES ESTO EN LA FLORENMAFIA LEAGUE...
POR ESO SOMOS EL MEJOR CLUB QUE HA PARIDO LA HISTORIA ğŸ’™â¤ï¸ğŸ’™â¤ï¸ CONTRA TODO Y CONTRA TODOS.",Neutral
"EXCELENTE PARTIDO DE NUESTRA FLICKINETA ğŸ˜ğŸ™ŒğŸ»ğŸ‘ğŸ»ğŸ’™â¤ï¸ğŸ’™â¤ï¸ JUGAMOS MUCHO MEJOR QUE CONTRA EL VALENCIA. DOMINAMOS EN TODOS LOS ASPECTOS Y FUE UN BAÃ‘O AL PATETICO DE BILBAO ğŸ˜‚ğŸ¤« SOBRETODO RESALTAR EL PARTIDAZO DE NUESTROS 3 MVP: RAPHINHA, KOUNDE Y PEDRI ( LOS MEJORES SIN DUDA) RAPHINHA CON ESTE ROL MÃS SUELTO DESPLIEGA MEJOR SU JUEGO Y VIRTUDES, KOUNDE SOLIDO EN DEFENSA Y PROPORCIÃ“N UNA GRAN SALIDA DE BALÃ“N, PEDRI DOMINÃ“ EL CENTRO DEL CAMPO Y FUE FUNDAMENTAL EN LA CREACIÃ“N DE JUEGO. 2 PARTIDOS, 2 VICTORIAS Y CADA VEZ VAMOS A MÃS ğŸ’™â¤ï¸ğŸ’™â¤ï¸ğŸ™ŒğŸ»ğŸ‘ğŸ» VAMOS BARÃ‡A!!!",Neutral
"Put Lewandowski in bench, he missed a lot of chances and selfish also",Negative
El gol de yamal fue una locura,Neutral
ğŸ’™â¤,Neutral
Awesome yamalğŸ˜€ğŸ˜€ğŸ˜,Positive
ğŸ˜®ğŸ˜®ğŸ˜®ğŸ˜® WOOOOOOW WHAAAAT OMG HAHAHA BARCELONE YES HI HI HI ğŸ˜Š,Positive
Come Barca,Neutral
"According to the Bible, Jesus is not God, in the Bible there are criteria for God and in the Bible, Jesus does not meet the criteria for being God

1. No one has ever seen God (1 John 4:12) whereas no one has seen Jesus 
2. God is not human (Numbers 23: 19, Hosea 11:9) while Jesus is human (Acts of the Apostles 2:22) 
3. God did not die (1 Timothy 1:17) while Jesus died (1 Corinthians 15: 3-4) 
4. God does not need a savior (Luke 1:37) while Jesus needs a savior (John 4:6-9) 
5. God is not weary (Isaiah 40:28) while Jesus was weary (John 4:6) 
6. God does not sleep (Psalm 121:2-5) while Jesus sleeps (Mark 4:38)

According to the Bible, Jesus was only a prophet based on 3 testimonies 

1. Testimony of people who lived at the same time as Jesus that Jesus was a prophet 
  # Matthew 21: 10-11 >> all the people who were contemporaries of Jesus called him the prophet from Nazareth in Galilee, descendant of David 
  # Mark 14:65 >> Jesus' enemies (Jewish high priests) who wanted Jesus to be executed said he was a prophet, 
  # Luke 24 : 18-19-20 >> After 3 days of the crucifixion, a stranger asked people who were contemporaries of Jesus, about the condition of Jesus, why he was on the cross, then one of the people who were contemporaries of Jesus, his name was Cleopas, said Jesus was a prophet but the Jewish high priests handed Jesus over to be executed 
  # John 7:40 >> Many people who were contemporaries of Jesus said he was a prophet 

2. Jesus' own testimony: Jesus was only a prophet 
  # Matthew 13:34-35 >> Jesus said he was a prophet who explained people who would enter the kingdom of heaven with parables, without parables they would not understand about the kingdom of heaven 
  # Mark 6:4, Luke 4:24, John 4:44 >> Jesus said that he was a prophet who was respected everywhere except in his native place 
  # Mark 12:29 >> Jesus told the Israelites the main law is to worship Allah alone, the Lord of us all, God is One/One 

3. Testimony of the Holy Spirit/Gabriel/Gabriel
  # Samuel 15:29 >> God is not human 
  # Deuteronomy 4:35,39, Deuteronomy 6:4 >> He is Allah, there is no god but Him, the only God

10 reasons Jesus is not God but Jesus is only a prophet/apostle just like Abraham/Ibrahim, Moses/Moses and Muhammad, according to the Bible 

1. In John 17:3 Jesus said there is no god but Allah and Jesus Christ is only the messenger/prophet/apostle of Allah 
2. If Jesus is God, God is all-knowing of everything (Isaiah 46:9-10) but in Matthew 24:36 and Mark 13:32 Jesus does not know when the day will end, because Jesus does not know when the day will end, then Jesus does not know everything, because Jesus does not know everything then Jesus is not God 
3. In Matthew 7: 21-23 it is stated that everyone who thinks Jesus is God will not enter heaven, in the last days Jesus will not recognize and expel people who think Jesus is God 
4. In John 16:25-26, on the last day, Jesus tells us who the Father/God really is, frankly, that prayer should only be to the Father/God, not Jesus, the person who prays to Jesus, Jesus will not ask the Father for salvation for that person, because the one who loves humans is the Father/God, not Jesus, Jesus only comes from the Father and returns to The Father is the same as the prophets and other humans. 
5. In Isaiah 29: 12 prophesies that the revelation/word of God will one day be given to a person who when asked to read, he answered I can't read and that's Muhammad because in the history of Muhammad's life all the writers report that, when he received revelation in the cave of Hira he told to read by the angel Gabriel/Gabriel ""read"" he said I can't read and the first revelation revealed was ""iqra"" read
6. In Song of Solomon 5:16, it tells a prophecy about the prophet Muhammad, that the future lover of the prophet Solomon/Sulaiman, the name Muhammad, is written there in the original Hebrew language which, if pronounced, reads ""mahamadim"" the prefix im means respect for the name because of its value. attached to the name (everything about him is attractive, his words are sweet, etc.) 
7. In John 16:12-16 Jesus said that I still have a lot to say to you but later there will be a spirit of truth (the angel Gabriel/Jibril) who will come to a messenger/prophet after me who will lead in the truth, who will say no according to him but according to the revelation/word of God, who announces to you things that will come (apocalypse, life after death, etc.), which he will glorify me, that is Muhammad, Muhammad glorified Jesus as a prophet, glorified Mother Mary, the mother of Jesus, Muhammad conveyed news about things the future (apocalypse, life after death) in the Koran, Muhammad comes after Jesus. 
8. In the historical writings about Paul, Paul was a person full of hypocrisy, he killed Jesus' obedient disciple (Stephen) and helped King Herod (the Roman-Jewish king) to kill the other disciples of Jesus until they were finished, he only pretended to repent with confession. himself by saying he had met Jesus, to change the gospel with his own hands, (Provenly Paul's letter -14 letters- dominates the New Testament Bible -27 letters-) while his name is not in the 12 disciples of Jesus or the 70 disciples of Jesus
9. There are differences between the teachings of Paul and Jesus, differentiate between the teachings of Paul and Jesus and you will find Islam 
  1) Jesus said don't think that my coming will abolish the law, no! I just fulfilled it (Matthew 5:17-20), but Paul said the coming of Jesus abolished the law (Galatians 2:16), 
  2) Jesus ordered circumcision (Luke 2:21), but Paul forbade circumcision (Galatians 5:6 / 1 Corinthians 7:19) 
  3) Jesus forbade eating unclean meat/swine (pork) (Leviticus 11:7-8), (Isaiah 65:4), (Deuteronomy 14:8) and strong drinks (Isaiah 5:22) but Paul made pork permissible (Romans 14:17) and strong drink (1 Timothy 5:23) 
  4) Jesus never said he was God but only a prophet (John 13:16), but Paul considered Jesus to be God (1 Corinthians 8:6) 
  5) Jesus forgave the 2 people who were crucified (Luke 23:32-38), but Paul cursed the 2 people on the cross (Galatians 3:13) 
  6) Jesus taught that there are no inheritance sins, children are pure from sin (Mark 10:13-16) while Paul taught inheritance sins (Romans 5:12-21) 
  7) Jesus said the sins were borne by himself (Matthew 16:27) while Paul said the sins were borne by Jesus (Colossians 1:13-14) 
10. In the book of Deuteronomy 6 verse 4 God is Ehad/Ahad/Esa (one) not a unity or trinity",Positive
"Increible el hilmanzano,, increible..por poco y lo haran tan obvio que hasta los madridistas estaran avergonzados!",Neutral
lewy means business this season.,Neutral
The raphinha I saw today is 50x good  that Nico williams,Positive
ğŸ˜‚â¤â¤â¤â¤â¤â¤,Neutral
Sip.menang lagii.,Neutral
Bro Yamal not even that good ir was an own foal,Positive
Muy buen partido Raphina callando bocas y lewa junto a Yamal uff que linda dupla,Neutral
"Torres' player has a condition that resembles a Portuguese kumez, causing strokes, tremors, and involuntary urination. ğŸ˜‚ğŸ˜‚ğŸ˜‚",Neutral
"Sell ferran ,sell fati ,get chiesa and watch the team Cook",Neutral
well played,Neutral
"Raphina and Lewa are massively underrated ,even by barca fans themselves .",Neutral
"0:17  Ù„Ø§Ù…ÙŠÙ† ÙŠØ§Ù…Ø§Ù„ Ù„ÙˆÙ„ÙŠØ§Ù…Ø² Ø³ÙˆÙ Ø§Ø³Ø¬Ù„ ÙˆÙ†ÙÙˆØ² Ø¹Ù„ÙŠÙƒÙ… ğŸ˜…ğŸ˜…
3:20  Ù„Ù‚Ø¯ Ù‚Ù„Øª Ù„Ùƒ Ø³ÙˆÙ Ø§Ø³Ø¬Ù„ ÙˆÙ†ÙÙˆØ² Ø¹Ù„ÙŠÙƒÙ… ğŸ˜‚ğŸ˜‚",Neutral
Muy buena victoria visca el barÃ§a,Neutral
Lamine is probably gonna be one of the biggest talents out of  La Masiaâ€™s academy in the coming years,Neutral
Quero partido completo,Neutral
â¤,Neutral
Pedri is back,Neutral
â¤ï¸ğŸ’™ğŸ”¥ğŸš¨,Neutral
What if de jong and  Olmo join on pitch â¤.... Brazilian play great (Raphina)ğŸ‘.,Positive
super rugby americas,Positive
Barca canâ€™t even afford commentary in their highlights these days,Neutral
Lewa is on fire,Neutral
How unlucky for Lewa..ğŸ˜¢ğŸ˜¢,Neutral
I'm now begging to see my old lewy ğŸ˜ŠğŸ˜Šhansi ball ğŸ”¥ğŸ”¥,Positive
Knew these two were gonna score ğŸ˜‰âœ¨â¤ï¸ğŸ’™â¤ï¸ğŸ’™âœ¨,Neutral
"Nico Williams give space for YAMAL Shoot is dumb ğŸ˜‚ , because they friend haha nico nico",Negative
Visca BarÃ§a ğŸ’™â¤,Neutral
Raphinha is one of our important players since last season â¤â¤â¤â¤,Positive
ğŸ’™â¤ï¸,Neutral
â¤â¤â¤â¤,Neutral
Barsa por siempre,Neutral
How old is Lewandowski? he looks like he's 20 years old and hungry for success!!!!,Positive
ğŸ’™ğŸ’™ğŸ’™ğŸ’™ğŸ’™ğŸ”¥ğŸ”¥ğŸ”¥ğŸ”¥ğŸ”¥ğŸ”¥ğŸ”¥,Neutral
Congratulations,Neutral
If Raphinha can play like this consistently he will be a really top player,Positive
"Ini laga awal pembuka musim yg enak ditonton banget sih, koordinasi antar pemain barca juga bagus, terlebih pemain muda dengan pemain seniornya. Rapinha jelas disini performanya lagi oke banget kayanya, semoga aja bisa konsisten, cetak goal & membantu beri umpan umpan ciamik buat lewy. Segi pertahanan sih yang mungkin juga harus difokuskan, biar ga cuma fokus menyerang. Top barca ğŸ”¥ğŸ”´ğŸ”µ",Positive
Lamine yamal 17 aÃ±os? JAJAJAJAJA,Neutral
Awesome gameğŸ‰ğŸ‰,Positive
Lewa was incredible in this match. Age is just a number for him ğŸ˜¯,Positive
Visca BarÃ§a ğŸ”µğŸ”´,Neutral
Anyone who compares Anthony to Raphinha will go to prison for Gog knows what...they just different ğŸ˜Š,Neutral
Bravo ğŸ‰,Neutral
"Vamoooooos, visca Barza",Neutral
â¤â¤â¤â¤â¤â¤â¤,Neutral
Forza Barca,Neutral
Rafinha is genius ğŸ‘ â¤,Neutral
Bro Lewy Raphinha  Lamine Kounde were literally on fire ğŸ”¥ğŸ”¥,Neutral
LEWANGOALSKI !,Neutral
"1793 ------ Pobres espaÃ±olitos, estÃ¡n atolondrados",Neutral
"Yamal, Lewandowski, Raphina, kounde y Pedri tremendos jugadores, gran partido de todo el equipo vamos por mÃ¡s, visca el barÃ§a ğŸ’™â¤ï¸",Neutral
Visca barca â¤ï¸ğŸ’™,Neutral
Sell Torres now,Neutral
New messi,Positive
was dani olmo in the crowd?,Neutral
Leta go my ğŸ’™â¤ï¸ğŸ’ªğŸ¾ğŸ’ªğŸ¾ğŸ’ªğŸ¾ğŸ’ªğŸ¾ğŸ˜,Neutral
we need to win la liga in this beautiful kit. VAMOS BARCA!!!!,Positive
The refs started already penalty for Barcelona denied,Neutral
"what a joke club lmao, couldn't even keep gundogan for more than a year",Positive
Cr7,Neutral
Barca fan should be thankful to god to have got young prodigy bernal who key to our team success ğŸ™Œ and a special shout out for kounde for his exeptional game best right back in the world for me,Positive
sell ferran,Neutral
Â¡Vamos Barca!,Neutral
visca bvaraca,Neutral
"an amazing job by lewangoalski today, remember me to the 2020 lewy ğŸ’™â¤",Positive
"Any other striker in Europe wouldâ€™ve finished all those chances Lewandowski got. He needed an open goal to be able to score, we need a world class striker asap",Positive
Ù„ÙŠÙØ§ ÙØ±ØµØªÙ‡ Ù„Ù„ÙƒØ±Ø© Ø§Ù„Ø°Ù‡Ø¨ÙŠØ© Ù‡Ø°Ø§ Ø§Ù„Ù…ÙˆØ³Ù…,Neutral
Visca Barca ğŸ«¡ğŸ’™ğŸ¤â¤ï¸ğŸ’ªğŸ¤œğŸ¤›,Neutral
Nico veni,Neutral
Lewa is so bad right now he shouldâ€™ve scored at least 3 goals today,Negative
Visca barca y cataluÃ±a,Neutral
Thanks Hansi for coming here .,Positive
Vamos equipo ğŸ’ª âš½ï¸,Neutral
mbappe â¤â™¥,Neutral
RaphinhağŸ”¥ğŸ”¥ğŸ”¥ğŸ”¥ğŸ”¥ğŸ”¥,Neutral
ğŸ”µğŸ«¶ğŸ»ğŸ”´,Neutral
I just hope financially we are out this mess soon. The team are amazing but itâ€™s overshadowed by the stupid financial issues,Negative
Yamal this season is gonna be deadly,Negative
"22 min=silver play button
90 min=golden play button 
12 hours=damion play button 
This man has breaked all records ğŸ˜±ğŸ˜±",Neutral
"Casi nos roban otra vez, increÃ­ble jajaja",Neutral
Good game â¤ğŸ’™,Positive
Lewa is old but remains gold,Positive
Forca BarcağŸ’™â¤ï¸,Neutral
"Bufff todo de rebote, no se puede ir asÃ­ tienen que mejorar pero aÃºn asÃ­ felicidades 2 de 2",Neutral
Lewandowski es una bestia,Neutral
Ø¨Ø±Ø´Ù„ÙˆÙ†Ø© Ø£ÙØ¶Ù„ Ù†Ø§Ø¯ÙŠ ÙÙŠ Ø§Ù„Ø¹Ø§Ù„Ù… Ø¨Ø±Ø´Ù„ÙˆÙ†Ø© Ø§Ù„Ø¹Ø´Ùƒ Ø¨Ø±Ø´Ù„ÙˆÙ†Ø© Ø§Ù„Ø­Ø¨ Ø¨Ø±Ø´Ù„ÙˆÙ†Ø© ÙŠØ¶Ø±Ø¨ ÙˆÙ„Ø§ ÙŠØ¨Ø§Ù„ÙŠ Ø¨Ø±Ø´Ù„ÙˆÙ†Ø© Ø£ÙƒØ«Ø± Ù…Ù† Ù…Ø¬Ø±Ø¯ Ù†Ø§Ø¯ÙŠ â¤ï¸ğŸ’™ğŸ’ğŸ‘‘ğŸ†ğŸŸï¸ğŸ§˜ğŸ’ªğŸ—ï¸,Neutral
Wow this league is bad outside of 3 teams,Negative
That home kit looks amazing,Positive
"ä»Šæ—¥ã®ãƒ•ã‚§ãƒ©ãƒ³ã‚ã£ã¡ã‚ƒè‰¯ã‹ã£ãŸã‚ã€‚
ãƒãƒ«ãƒ‡ã¯ã¡ã‚‡ã£ã¨ã‚„ã°ã„ã€‚ã‚ãã“å¤±ç‚¹ã‚·ãƒ¼ãƒ³ã€æ»‘ã‚‹ã®ã‚ã‚Šãˆãªã„ã—ã€ãƒˆãƒ©ãƒƒãƒ—ä¸‹æ‰‹ããã§ã€ç„¡é§„ãªã‚¿ãƒƒãƒå¤šã„ä¸Šã€ãƒ‘ã‚¹å¼±ã„ã‹ã‚‰ãƒ“ãƒ«ãƒ‰ã‚¢ãƒƒãƒ—ã‚ã£ã¡ã‚ƒæ€–ã„ã€‚",Neutral
tiang gawang bisa naik gaji,Neutral
SerÃ¡ esta la oportunidad de Padilla en el combinado de Aguirre?,Neutral
Nico let Yamal shot the ball to the back of the net. Valverde should punish him.,Neutral
Viva barca el mejor  de EspaÃ±a,Neutral
Visca barca â¤ğŸ”¥ğŸ”¥ğŸ”¥ğŸ”¥ğŸ”¥ğŸ”¥ğŸ’™â¤ï¸,Neutral
"De esto se trataba un Barcelona que ataque como en el tiempo de Luis Enrique con Messi, Luis SuÃ¡rez y Neymar que se vea la diferencia.... No un Barcelona de xavi jugando para atrÃ¡s no  estoy recriminando a xavi solo que ese juego de tirarse para atrÃ¡s no le salÃ­a muy bien que digamos, a diferencia de pep guardiola.",Neutral
"Si niko va y lo presiona y marcara como debe de ser yamal no tirarÃ­a,  lo dejo libre a su amigo que grande niko",Neutral
"ViSCA BARCA, VISCA CATALUÃ‘A!!!! ğŸ”´ğŸ”µ",Neutral
CLå„ªå‹ã™ã‚‹â€¼ï¸ğŸ’™â¤ï¸ğŸ‘ŠğŸ”¥âš½ï¸ğŸ†,Neutral
Supercopa de EspaÃ±a å„ªå‹ã™ã‚‹â€¼ï¸ğŸ’™â¤ï¸ğŸ’ªğŸ”¥âš½ï¸ğŸ†,Neutral
å›½ç‹æ¯å„ªå‹ã™ã‚‹â€¼ï¸ğŸ’™â¤ï¸ğŸ‘ŠğŸ”¥âš½ï¸ğŸ†,Neutral
ãƒªãƒ¼ã‚°å„ªå‹ã™ã‚‹â€¼ï¸ğŸ’™â¤ï¸ğŸ‘ŠğŸ”¥âš½ï¸ğŸ†,Neutral
Yamalâ€™s goal should be considered an own goal,Positive
"In one of the chances that Barca got(although it was offside), Ferran was in a one-on-one situation with the Bilbao goalkeeper and decided to take a chip shot, but the goalkeeper caught the ball.
One of the rules of the chip shot is that before doing it, take a short and quick look at how the goalkeeper is guarding and how far he is from the goal, and then shoot so that you know how much power and height you should give to the ball.
If an attacker makes these calculations before shooting, he can make a better decision, maybe not even needing a chip shot and can shot the ball through the goalkeeper's side or between his legs ğŸ¤·â€â™‚ï¸",Positive
Mi primer partido que vi en el estadio â¤,Neutral
"Thankyou Raphinha, overload fighting spirit. Run Forest Run ğŸ˜† !!!visca Barca",Neutral
"One of the problems that Barca players have been dealing with since the past seasons is committing fouls that lead to receiving cards.
Timing should be considered for tackling and repelling the ball so that a foul does not happen.
Interception, tackling, repelling the ball, recoverving the ball, controlling the ball and defending in general without harming the opposing players is considered an art ğŸ‘Œ
While playing aggressively, defenders like Maldini and PuyolğŸ’™â¤ï¸ always tried to recover or deflect the ball as much as possible without harming the opponent's players, ""so that in the end no harm is done to their own team"", which is an admirable ability ğŸ‘",Positive
visca baraca,Neutral
ÙŠØ¬Ø¨ Ù„Ø¹Ø¨ Ø¬Ù…ÙŠØ¹ Ø§Ù„Ù…Ø¨Ø§Ø±ÙŠØ§Øª Ø¨Ù‡Ø§ØªÙ‡ Ø§Ù„Ø±ÙˆØ­ â¤ ØªØ¹ÙŠØ´ Ø¨Ø±Ø´Ù„ÙˆÙ†Ø© â¤ï¸ğŸ’™ğŸ‡©ğŸ‡¿,Neutral
Unlucky LewandowskiğŸ˜…,Neutral
Ferran out,Neutral
0:39 Jules reaction is between fascinated and traumatizedğŸ˜‚,Neutral
Vamooos ğŸ’™â¤ï¸,Neutral
"The grass of the MontjuÃ¯c stadium is truly awful. This situation is clearly visible from the beginning when we moved to this stadium. Any player who wants to play on this pitch must first be careful not to slip, which causes the players to lose focus in the game ğŸ¤¦â€â™‚ï¸
The board should think of a solution for this problem",Negative
â¤â¤â¤,Neutral
Lewandowski is a class player. Always have mad respect for him,Negative
Visca barca ğŸ’™â¤,Neutral
VÃ mos BarÃ§a,Neutral
ğŸ’™â¤ï¸,Neutral
Visca barÃ§a ğŸ”¥â¤ï¸,Neutral
Al tronco de Ferran deverian de regalarlo estando en fuera de lugar y no puede marcar.,Neutral
lewandowski in hans flick handğŸ¥¶,Neutral
ğŸ˜ŠğŸ˜ŠğŸ˜Š,Neutral
Ha jugado bien pero no marcan y no sentencian los partidos. Va a ver mucho sufrimiento esta temporada.,Neutral
âœ¨âœ¨âœ¨ğŸ¤ğŸ¤ğŸ¤ğŸ¤,Neutral
VISCA BARCA lewy and yamal did amazing today â™¥ï¸ğŸ’™,Positive
Funny enough Nico Williams was the one to stop YamalğŸ˜,Positive
â¤â¤â¤ğŸ‰ğŸ‰ğŸ‰ğŸ‰,Neutral
Vamos Barca,Neutral
Pedri â¤,Neutral
ğŸ«¡ğŸ’™â¤ï¸,Neutral
Nico and Lamine gonna laugh at that goal laterğŸ˜‚ğŸ˜‚ğŸ˜‚,Positive
merci raphina,Neutral
Lamine tamal rematÃ³ duro ğŸ’€ğŸ”¥,Neutral
HANSI FLICK ERA,Neutral
"""The best duo itw"" 1g+ağŸ¤“
Lewy and Lamine 5g+aâ˜ ï¸",Positive
Am I the only one that noticed lewandoskis tan compared to when he was at Bayern ğŸ˜‚ğŸ˜‚ğŸ˜‚ğŸ˜‚ğŸ˜‚  heâ€™s enjoying Spain for sure,Positive
Jamal fk overated just wait next he be ghost,Neutral
ğŸ’™â™¥ï¸,Neutral
this was he first ever soccer game i went to,Negative
"Lewy: 
goal For barca coming",Neutral
Treble coming soon ğŸ†ğŸ¾,Neutral
Raphina incredible match ğŸ‘ğŸ½ğŸ§ ğŸ’ªğŸ½,Positive
Absolutely great performance ğŸ‘ â¤,Positive
â¤ï¸ğŸ’™,Neutral
"Barca made a huge mistake in signing Olmo over Williams.

Williams would be the perfect missing piece for this Barcelona team: the dude reminds me of Neymar.",Positive
Lewy could have scored 5 goals today !,Neutral
What 36 years old 3 goals in 2 games?    Whole season 50 goals,Positive
Barca is back!,Neutral
vamosssssssssssss,Neutral
"despite the finanical issues, this club still plays to the best of their ability",Positive
nico no hizo nada para quitar el balon,Neutral
Can Lewa complete 100 goals with Barca?,Positive
â¤â¤â¤â¤,Neutral
Present 1 Hours,Neutral
"FC Barcelona ğŸ”µğŸ”´

August 25, 2024",Neutral
Tanta camara 4k que hay en la liga y los resumenes siempre parecen grabados con un nokia de 2004,Neutral
";/;  /;/;My Looord J.ESUS Returns, repent of sin and OBEY the LAAWS of the Father...Â Â  Y..A,,H.. is a egipt DEMON, BEWARE ... (HalleluJAH is a PAGAN word)/;/:/:/",Neutral
The teamâ€™s playing some good football.,Positive
Vamos por la victÃ³ria âœ¨ğŸ™â¤ï¸ğŸ’¯ğŸ’¯ forÃ§a BarÃ§a ğŸ’¯â¤ï¸ğŸ’™ğŸ‘‘,Neutral
ğŸ’™â™¥ï¸ğŸ’™â™¥ï¸,Neutral
,Neutral
ğŸ¥°ğŸ¥°ğŸ¥°ğŸ¥°ğŸ¥°ğŸ¥°ğŸ¥°ğŸ¥°ğŸ¥°ğŸ¥°,Neutral
Lewangoalsky â¤,Neutral
Vamos BarÃ§a! ğŸ”¥â¤ï¸ğŸ’™,Neutral
Flick + Lewa = ğŸ”¥ğŸ”¥ğŸ”¥ğŸ”¥,Neutral
VISCA BARCAâ¤ï¸â€ğŸ©¹â¤ï¸â€ğŸ©¹,Neutral
Lewandowski gacorrr.. Oh nooo you chance is beautiful,Positive
Very proud of you guys BarÃ§a 4 LifeğŸ”¥ğŸ’ª,Positive
Por fim â¤â¤â¤â¤â¤ vica barca,Neutral
Raphina!!!!!!!!â¤â¤â¤â¤â¤,Neutral
SACK LEWANDOWSKI,Neutral
Barcelona fans by indonesiaâ¤,Neutral
AsÃ­ si Flick me encanta como juega mi Barcelona vamos por mÃ¡s victorias ğŸ‰ğŸ”µğŸ”´,Neutral
CÃ³mo es posible que FerrÃ¡n Torres juegue en el Barca?,Neutral
I told my sister if my comment gets 1000 likes in 5 hours i will give her 100 $. This is a challenge between her and IğŸ˜Š,Neutral
Visca BarÃ§ağŸ’™â¤ï¸,Neutral
He did it again Yamal ğŸ”¥ğŸ’™â¤ï¸,Neutral
Yamal took the beside right beside NicoğŸ˜‚ğŸ˜‚ğŸ˜‚ğŸ˜‚ğŸ˜‚,Positive
Lewandowski should had been hatrick,Neutral
Lewandoski under Flick is a hot player.,Positive
El mejor fichaje del Barcelona esta temporada es el entrenador Flick ğŸ‘ğŸ»ğŸ‘ğŸ»ğŸ‘ğŸ»ğŸ‘ğŸ»ğŸ”µğŸ”´,Neutral
Congratulationsâ¤â¤â¤,Neutral
To Barca: How often did the players fail to capitalize on chances to distribute the ball into positions that could have resulted in scoring!!!,Negative
Barcelona jugando bonito y con la Cantera âœŒğŸ»ğŸ”µğŸ”´ vamos bien con este entrenador es un Crack.,Neutral
"If my comments get 500 likes, my mother won't scold me.ğŸ‰",Neutral
ForÃ§a barÃ§a,Neutral
"YA PONGAN ALA VENTA A FERRAN TORRES Y (DEJEN JUGAR A VICTOR ROQUE)

FERRAN TUVO BASTANTES OPORTUNIDADES CLARAS EN LOS PARTIDOS HASTA DEMBELE HUBIERA ANOTADO ESOS GOLES",Neutral
",ğŸ‘ğŸ‘ğŸ‘ğŸ‘ğŸ‘",Neutral
we look deadly nd ruthless....,Negative
Visca el BarÃ§a i visca Catalunya! ğŸ’™â¤,Neutral
â¤â¤,Neutral
El golazo de lamine yamal y que bueno es Alex padilla ğŸ˜®,Neutral
Lewa so unlucky! Could have been 4 Goals on a great day..,Positive
GOOD JOB all barcelona playersâ¤,Positive
Ese mi BarÃ§a ğŸ¤™,Neutral
"Bravo para mi amado Barcelona porque este es el verdadero Barcelona que todos los mexicanos y latinos queremos ver y sin duda este mÃ­ster Hansi Flick si que la esta armando como timonel blaugrana y vaya magia que hacen los jugadores del Barsa con puros cracks internacionales como Lewandowski , Lamine Yamal , Raphinha , Pedri , Ter Stegen , etcÃ©tera y ya son 2 triunfos del Barsa en tan solo 2 jornadas de la liga espaÃ±ola 2024-2025 y con todo este gran potencial que esta dando el fÃºtbol club barcelona es apto para campeonar nuevamente y me da mucho orgullo de que Hansi Flick le de mucha confianza a los chicos de la masia por el barsa tiene una de las mejores canteras del fÃºtbol espaÃ±ol , europeo y mundial y arriba el FCB y tambiÃ©n decir siempre visca el BarÃ§a y el himno del barcelonismo ooooooohhhhhh BarÃ§ağŸ‘ğŸ¿ğŸ‘ğŸ¿ğŸ‘ğŸ¿ğŸ™ŒğŸ¿ğŸ™ŒğŸ¿ğŸ™ŒğŸ¿mÃ©Ã©Ã©Ã©Ã©Ã©Ã©sssssss que un clubğŸ‘ğŸ¿ğŸ‘ğŸ¿ğŸ‘ğŸ¿ğŸ™ŒğŸ¿ğŸ™ŒğŸ¿ğŸ™ŒğŸ¿....ğŸ”µğŸ”µğŸ”µğŸ”´ğŸ”´ğŸ”´âš½ï¸âš½ï¸âš½ï¸ğŸ†ğŸ†ğŸ†....ğŸ‡ªğŸ‡¦ğŸ‡ªğŸ‡¦ğŸ‡©ğŸ‡ªğŸ‡©ğŸ‡ªğŸ‡µğŸ‡±ğŸ‡µğŸ‡±ğŸ‡§ğŸ‡·ğŸ‡§ğŸ‡·",Neutral
"Gil Manzano siempre recibiendo ordenes de su patrÃ³n,  F P",Neutral
Barca â¤ğŸ’™ğŸ’€,Neutral
"Saya dari indonesiağŸ‡®ğŸ‡©ğŸ‡®ğŸ‡©ğŸ‡®ğŸ‡©...merindukan gairah bermain lagi sekarang....buat BARCELONA...

Lamine...lewa pedri dan lainya begitu indah....",Neutral
Flojo partido del Barsa. Meterle solo dos goles a ese equipo es lamentable.,Neutral
Lewa is like 35 or 36 years old ??? pff the man is a LEGEND.. he brings trophies everywhere he plays..,Positive
ğŸ”µğŸ”´ğŸ¦¾,Neutral
Let's continue to build it.,Neutral
ğŸ‰ğŸ‰ğŸ‰ğŸ‰ğŸ‰ğŸ¤«ğŸ¤«ğŸ¤«ğŸ¤«ğŸ¤«ğŸ¤«ğŸ¤,Neutral
ForÃ§a BarÃ§a ğŸ’ªğŸ’™â¤ï¸ğŸ‰,Neutral
Laporta & Deco OUT!,Neutral
"for : Lamine Yamal Don't let your career decline because of women. Prove it, Lamine!",Neutral
Visca BarÃ§aaağŸ’™â¤ï¸ğŸ˜ğŸ˜,Neutral
Lewandoski like try try until u get it right âœ…,Positive
Lucky squad,Positive
â¤â¤â¤,Neutral
I can't wait for Tuesday GameğŸ’™â™¥ï¸,Neutral
Vicsa BarÃ§a ğŸ‰â¤,Neutral
"The ref is a joke!!
Cubarsi even didnt touch him, yet Sancet The Weak just made himself getting fouled by a little body touch 

Shame Bilbao and Shame Ref",Negative
Bravo Robert â¤â¤â¤,Neutral
"Elijo volver a creer, visÃ§a barÃ§a ğŸ’™â¤ï¸",Neutral
"The team is improving, we just have to improve more when they go on the counterattack ğŸ˜­ğŸ˜­ we lose the ball a lot... or they slow down the play",Positive
Barcelona esta demostrado que tiene gol y sobre todo una nueva mentalidad ganadora vamos a por el siguiente triunfo ğŸ˜âš½ï¸  Â¡Â¡Â¡VisÃ§a BarÃ§a!!!,Neutral
"The team is complete, but I warn you not to sell Rafinha ğŸ‰â¤",Positive
Ferran OUTğŸ‘ğŸ‘ğŸ‘,Neutral
"Let's talk about Marc Bernal, the guy had a proper Busquets like game. ğŸ¤©",Negative
Ø§Ù„Ù…Ø´ÙƒÙ„Ù‡ ÙÙŠ Ø¨Ø±Ø´Ù„ÙˆÙ†Ù‡ Ù‡ÙˆØ§ÙŠ ÙŠØ¶ÙŠØ¹ÙˆÙ† Ù…Ø§ÙŠØ³ØªÙ‚Ù„ÙˆÙ† Ø§Ù„ÙØ±Øµ,Neutral
Fisca Barca Fisca Catalonia,Neutral
From colombia forca barca,Neutral
Raphina was the Best Today To be honest !,Positive
"Love the energia today...the pressing...especially Raphinha.
He could've and should've gotten more passes if they were watching his runs.
Good improvement Barca â¤ğŸ»ğŸ‘",Positive
Lewa ğŸ˜¨ğŸ”¥,Neutral
LESÂ´GOOOOO BARÃ‡A,Neutral
"Se esta volviendo medio egoÃ­sta ese Lewanâ€¦ en Bayern no hacÃ­a eso.
Siempre se la daba a MÃ¼ller!",Neutral
"MÃ¡s aprecio a Raphina por favor, quÃ© seÃ±or partidazo ğŸ‘ğŸ‘ğŸ‘",Neutral
Bernal played exceptional!,Positive
Yamal goat,Neutral
laporta out,Neutral
Vamos â™¥ï¸ğŸ’™,Neutral
So many chance for Lewandowski ğŸ”¥,Positive
"Robert old Fox âš½ğŸ”¥ğŸ”¥ğŸ”¥ğŸ”¥
36 lat jesteÅ› caÅ‚y czas na Å›wiatowym poziomie ğŸ‘â¤ï¸ğŸ‡µğŸ‡±",Positive
Lewandowski is hungry hunting for goal bruh,Neutral
Visca El barÃ§a ğŸ’™â¤ï¸,Neutral
"3-0 defeat against monaco, 
Why didn't you post the unreleased video?",Neutral
"OMG, lewa deserve got a hattrickğŸ˜¢",Neutral
Y ese marero rapado quien es? 0:04,Neutral
Raphina cooked today. Now Brazil might regret not calling him up,Neutral
"Bien bien, asÃ­ debe ser la conexiÃ³n de todos juntos, saludos desde San Luis AcatlÃ¡n gro MÃ©xico",Neutral
"Los elegidos sÃ³lo saben a quiÃ©n dejar su legado ""Cule""â¤:  Johan Cruyff a Messi y Messi a Lamine Yamal la historia del BarÃ§a continuarÃ¡..........â¤ğŸ’«ğŸ’«ğŸ’«",Neutral
"It should be 4-1 if not hit the bar 

Lets gooo",Neutral
Golazo de yamal,Neutral
"If this comment gets 1k likesâ€¦



















Nothing will happen ğŸ˜",Neutral
Que jugadora yamal,Neutral
Vamos varca,Neutral
Ø¨Ø±Ø´Ù„ÙˆÙ†Ø© â¤ï¸ğŸ’™,Neutral
Ø¨Ø±Ø´Ù„ÙˆÙ†Ø© â¤ï¸ğŸ’™,Neutral
What a goal by yamalâ¤ğŸ’™,Neutral
"0:37 one more time, Messi scoresâ€¦ Oh wait!",Positive
still havent registered dani olmo,Neutral
Jackson Elizabeth Lewis Betty Wilson Eric,Neutral
Muy bien por el portero mexicano Padilla ğŸ‡²ğŸ‡½ğŸ˜ğŸ‘ŠğŸ» y muy buen por mi Barca que volviÃ³ a ganar ğŸ’™â¤ğŸ’™â¤ğŸ’™â¤ğŸ‡²ğŸ‡½ğŸ™ŒğŸ»ğŸ”¥ğŸ˜ğŸ‘ŠğŸ»,Neutral
Just imagine raphina and gavi pressing ğŸ˜‚,Neutral
LEWA IS BACK!,Neutral
Visca Barca ğŸ’™â¤ï¸ğŸ’™â¤ï¸ğŸ’™,Neutral
"I think a new era has arrived Lamine and Lewy look like a magic duo if it keeps going this way and Flick, Europe you're on notice",Positive
Vamoss,Neutral
ÙÙŠØ³ÙƒØ§ Ø¨Ø±Ø´Ø§,Neutral
Levandovskiiiiiiiiiiiiiiiiiiiiiiiiiiiiiiiiiiiiiiiiiiiiiiiiiiiiiiiiiiiiiiiiiiiii,Neutral
ğŸ”´ğŸ”´ğŸ”µğŸ”µ,Neutral
â¤ğŸ’™â™¥ï¸ğŸ’™,Neutral
"The team played a great game. Raphinah played the greatest game of his Barca tenure. Yamal was super great as usual with a huge goal. Finally, the Greatest Polish King had a great shot to score the winning goal. The shot destroyed all the unlucky hits he had with posts. Go Barca",Positive
ğŸ’™â¤ï¸,Neutral
"MVP RAPHINHA! 

Gran partido EQUIPO! â¤ğŸ’™",Neutral
â¤â¤â¤â¤â¤,Neutral
Robert Lewandowski! â¤,Neutral
Good game  my Barca !,Positive
Bravo Barcelona piÄ™kny mecz super rezultat 2 :1 z Athletic Bilbao Å›liczne gole Yamal i Lewandowski. Gratulacje.,Positive
Barcelona playing really good this season!!,Positive
"Good game ferran, much better",Positive
Lewi goat,Neutral
This Barcelona doesn't need Nico Williams!,Neutral
Bravo â¤ğŸ‰,Neutral
Lewiâ¤,Neutral
Como siempre negreiga dando regalos al atleticlub ğŸ˜¢,Neutral
Raphinha 10/10 today!,Neutral
Raphinha MVP ğŸ”¥,Neutral
Lewi the goat,Neutral
This is a teams game and the whole team played well. Lewandoski you owe us a hattrick.ğŸ˜‚â¤,Negative
"Pedri soo good ğŸ¥µğŸ¥µğŸ¥µ, maybe a gavi and pedri pivot duo can cook for flick",Positive
Lewiâ¤â¤â¤,Neutral
Lamine yamalâ¤ğŸ”¥,Neutral
"Un partido increÃ­ble, pudimos ganar con mÃ¡s goles pero lo que jugaron fue absolutamente increÃ­ble, entre Raphinha, Pedri, Lamine y Kounde no sabrÃ­a escoger al mejor del dÃ­a de hoy.
Dios cuide a Pedri de las lesiones, el Barca es otro con Ã©l en el campo y Herrera le debe una disculpa a CubarsÃ­, metiÃ©ndose con un niÃ±o de 17 aÃ±os despuÃ©s de la falta grave que le hace, le falta Ã©tica al tipo ese
Visca Barca sempre ğŸ’™â¤ï¸
Una cosa sÃ­, el terreno era un asco, hasta los comentaristas lo notaron",Neutral
"Good game I'd say. Would have been a 2-0 win but one unlucky penalty. Lewandowski also had some really close attempts, I think he is still a great starter for us.",Positive
To Mr. Laporta please dont sell our Trust,Neutral
Putting nico William where he belongs that clown ğŸ¤¡,Neutral
"Por favor una video para Pedri y,e gavi â¤â¤â¤â¤",Neutral
"Partidas de raphinha, kounde i bernarl, pedri a la segona part s'ha tret la botifarra... content per lewa, i tot i els dubtes en defensa han estat de 10.
Mencio especial, sorpres de l invent de eric de pivot,  Aixi si!! ForÃ§a BarÃ§a!!!",Neutral
"Pedri reaching peak... and does it mean he gonna get injured again ?? I pray, he play whole season without major injuries.",Negative
"0:34 Lamine gaol again another Rabiot like but this thime it's his buddy Nico Williams chasing him tries to stop Lamine to score.

Brilliant from Lamine",Positive
Perfekcyja Lewego 4 gole ğŸ˜Š next normal gool. Brawo Barcelona brawo Yamal,Positive
â¤We win and we will always win,Positive
WHAT A GAME,Negative
ğŸ’™â¤ï¸ğŸ’™â¤ï¸âš½ï¸âš½ï¸,Neutral
Vomos BarÃ§a â¤ğŸ‰ğŸ‰ğŸ‰ğŸ‰ğŸ‰â¤,Neutral
VisÃ§a BarÃ§a ğŸ”µğŸ”´,Neutral
"Hansi Flick system is madness and I am proud of him 

Thank you Hansi for your hard work and put the pieces together perfectly",Positive
"Flick, Lewandowski and all others was so good at the game! FORZA BARCELONA!!!!!ğŸ’™ğŸ’™ğŸ’™ğŸ’™â¤ï¸â¤ï¸â¤ï¸â¤ï¸ğŸ˜›ğŸ˜›ğŸ˜›ğŸ’¯ğŸ’¯ğŸ’¯ğŸ’¯ğŸ’¯ğŸ’¯ğŸ’¯ğŸ’¯",Positive
Bro Lewa was ON THEIR ASS all game. Happy to see him again. Also LAMINE IS BALLING,Positive
ForÃ§a BarÃ§a i ForÃ§a Cules del mundo ğŸ’™â¤ï¸ğŸ’™â¤ï¸,Neutral
Lewa veryy good,Positive
"Barcelona's biggest problem is injuries. If the team was together, we would be able to compete with every team in the world",Positive
ğŸ’™â¤ğŸ’™â¤,Neutral
Como que veo que Lewandowski anda con todo,Neutral
Lamine yanal le metio gol a alex padilla,Neutral
"Lamine yamal cada dÃ­a te quiero mÃ¡s, lamine yamal cada dÃ­a te quiero mÃ¡s.",Neutral
"Impressive form by Lewy, close to hatrick!!!",Positive
Raphinha on fire,Neutral
Les maillots sont magnifiques ğŸ’™â¤ï¸ğŸ˜±,Neutral
ğŸ”µğŸ”´,Neutral
"Pedri deserves a man to match 
He fought with true spirit. I hope he is not injured again",Positive
Raphinha won that game best player on the pitch,Positive
Announce Chiesa,Neutral
â¤â¤â¤ Love,Positive
Janm ooo padarnalat lewandowski,Neutral
Enjoyed this game â¤,Positive
"I hope this is the season man. The only thing Iâ€™m worried about is our shit owner, Laporta is a joke.",Negative
00:04 el Boss se verÃ­a super serio,Positive
The Best Lamine YAMAL,Positive
le match  a Ã©tait parfait ce soir fÃ©licitations a Flick,Neutral
â£â£â£â£â£â£â£â£â£â£,Neutral
Gracias barca por traer los resÃºmenes!!,Neutral
"Uno 
 
Dos 

Trees

Visca is vica katalunua",Neutral
"Lewa on fire, lamine and Pedri shining, raphina playing awesome. This is the Barca we love",Positive
Very good,Positive
Bonsoir magnifique vidÃ©o et bravo au BARCA quelle match ğŸ’™â¤ï¸ et but ğŸ’™â¤ï¸,Neutral
"That's the point. You can see an obvious change. Mega intensity, a lot of combination play, interchangeability of positions. Barca creates a threat in many ways and is constantly mobile. I like Lewy's role in Flick's system, you can see a lot of play on 1 contact, he always has someone to play with up front. And this is only the beginning of the season, let them fully integrate and come back injured players. It's good! Vamos Barca!! :)",Positive
FABRICE IST KUH,Neutral
"Raphina deserved man of the match, he created so much so so much. Deserves his props also after last season when he had one of the best stats in the team per 90 minutes",Positive
Deco out,Neutral
Still need improvingğŸ’¯,Neutral
Get better game by gameğŸ’¯ğŸ’ªğŸ¼ğŸ”¥,Positive
Lewangoalski=Legend,Neutral
Bamos barca ğŸ˜,Neutral
Nico vete para el barsa pa....,Neutral
Let's continue to build the momentum and stay grounded culers.,Neutral
Yamal is the best,Positive
Esto mejor visÃ§a barÃ§a â¤ï¸ğŸ’™ğŸ’ªğŸ»ğŸ¤œğŸ»ğŸ¤›ğŸ»,Neutral
LAMINHO IS THE BEST,Positive
Vamos ğŸƒ,Neutral
Visca el BarÃ§a i Visca Catalunya en i Visca Deutchland!,Neutral
Kounde was brilliant today Nico canâ€™t dribble pass him a single time in this match ğŸ”¥ğŸ‡«ğŸ‡·,Positive
Vamos â¤ï¸ğŸ’™ğŸ¥°ğŸ‡²ğŸ‡±,Neutral
GOOD JAB â¤â¤,Positive
Where is the people's who want to sell LewandowskiğŸ˜‚,Neutral
â¤â¤â¤â¤â¤â¤,Neutral
â¤â¤â¤â¤yes â¤,Neutral
lewandowski crossbar challenge,Neutral
ğŸ—£ï¸ğŸ—£ï¸ğŸ—£ï¸ğŸ—£ï¸ Barcelona el mÃ¡s grande de europa,Neutral
Efecto Flick,Neutral
"This is the real level of lewanGolski weâ€™re used to seeing. These are lewy's habits. Keep shining Robert , keep scoring, and go for the Golden Boot .
Visca Barca ğŸ’™â¤ï¸ , Vicsa lewy ğŸ¤œğŸ¤›",Positive
More than a club â¤ğŸ’™,Positive
Lewandowski hubiera marcado un hat trick si no hubiera sido por el poste,Neutral
"Kounde surely has to be one of Our best signings we've had  in yearsğŸ˜« , simply WORLD CLASSğŸ™ŒğŸ‘",Positive
Visca el BarÃ§aâ¤ï¸ğŸ’™,Neutral
Raphina workğŸ’ªğŸ¾ ğŸ’ªğŸ¾ kounde kept nico inside is pocketğŸ•ºğŸ¾âœŒğŸ¾,Neutral
VISCA EL BARCA,Neutral
ğŸ‡¹ğŸ‡¿ğŸ‡¹ğŸ‡¿ğŸ‡¹ğŸ‡¿,Neutral
jaaaaan Zarba kadin harifarahğŸ˜†ğŸ˜ğŸ¤©,Neutral
ÙÙŠØ³ÙƒØ§ Ø¨Ø±Ø³Ø§ â¤â¤â¤â¤â¤â¤â¤â¤â¤â¤â¤â¤â¤â¤,Neutral
J'adore cette Ã©quipe love uğŸ’“ğŸ’™,Positive
ÙÙˆØ±Ø³Ø§ Ø¨Ø±Ø´Ø§ â¤,Neutral
Ù†ÙŠÙƒÙˆ ÙˆÙŠÙ„ÙŠØ§Ù…Ø² Ø¨Ø¬ÙŠØ¨ ÙƒÙˆÙ†Ø¯ÙŠ ğŸ˜‚,Neutral
BISCA BARÃ‡A,Neutral
ÙÙŠØ³ÙƒØ§ Ø¨Ø±Ø³Ø§,Neutral
Yamal fue decido a destrozar  a Alex padilla,Neutral
Yamal has more goals than mbappe ğŸ˜‚ğŸ˜‚,Positive
Lewandowski under flick is complete beast,Positive
LewanGoalskiğŸ¤œğŸ¤›ğŸ’™â¤ğŸ˜,Neutral
Cette fois ci ils ont vraiment bien jouÃ© mais pas pas trÃ¨s bien ğŸ˜…  il nous reste 36 journÃ©es câ€™est pas encore terminÃ© ğŸ˜¢ max de concentration et plus appliquÃ©e le jeu collectif et non individuel ğŸ‰,Neutral
Lamine yamal>>>>>parda puler,Neutral
Ú¤ÛŒØ³Ú©Ø§ Ø¨Ø§Ø±Ø³Ø§ Ú¤ÛŒØ³Ú©Ø§ Ú©Û•ØªÛ•Ù„Û†Ù†ÛŒØ§ ğŸ’™â¤,Neutral
Lamine yamal future goat ğŸ”¥ğŸ”¥ button,Neutral
Barca could of easily won 4-1ğŸ”¥,Positive
"Where is Nico?

On kounde Pocket Buttonâœ…ğŸ˜‚",Neutral
Imprensa Visca Visca Press â¤â¤â¤,Neutral
Ø¨Ø§Ùˆ ÙÙŠÙƒØªÙˆØ±ÙŠØ­ØªØ§Ø¬ ÙØ±ØµØ©,Neutral
SUBSCRIBE NOW I SUSCRÃBETE â–º https://www.youtube.com/fcbarcelona ğŸ”µğŸ”´,Neutral
Raphinha on fire ğŸ”¥ğŸ”¥,Neutral
Aunque hayamos ganado que se largue deco,Neutral
Best club in the world ğŸ’™â¤,Positive
LAMINE ES EL PROXIMO GOAT.CULE HASTA LA MUERTE.,Neutral
My boy Bernal is cooking so far. ğŸ’ªğŸ½ğŸ”¥,Positive
Que pedazo de gol lo de lamine,Neutral
Raphina Respect Buttonâœ…,Neutral
VisÃ§a barÃ§aâ¤ğŸ’™,Neutral
AÃºn sigue Xavi HernÃ¡ndez? Porque aÃºn les cuesta ganar y siempre por un gol de diferencia...,Neutral
Let's go BarÃ§a!! 2-1. The next game vs Rayo Vallecano this Tuesday.,Negative
"Hace mucho no sentÃ­a esta seguridad, ser muy superior al bilbao y merecer ganar 3-0 es algo que Xavi nunca podrÃ­a haber hecho",Positive
Lamine is probably gonna be one of the biggest talents out of  La Masiaâ€™s academy in the coming years ğŸ”¥,Neutral
"Buy Flick some players FFS

He would do wonders
Look at what he is doing with these players",Neutral
"Lamine Yamal is truly the Future of Our ClubğŸ’™â¤ï¸
WHAT A PLAYERğŸ’ğŸ™Œ",Neutral
â¤â¤â¤â¤â¤  Ø±ÙŠØ§Ù„Ù„Ù„Ù„Ù„Ù„Ù„Ù„Ù„â¤,Neutral
Visca barÃ§aaaaa â¤ğŸ’™â¤ğŸ’™â¤ğŸ’™â¤ğŸ’™â¤ğŸ’™â¤ğŸ’™â¤ğŸ’™,Neutral
Visca barÃ§a ğŸ’™â¤ï¸,Neutral
Baaaarsaaaaa ğŸ‰ğŸ‰ğŸ‰ğŸ‰,Neutral
80 goals and assists in 96 matches for Lewandowski @ 36 years of age please put some respect on his name barca fans â¤,Neutral
"I told my little sister that if my comment gets 5,000 likes in 8 hours, I will give her $50. This is a challenge between me and my sister.â¤â¤ğŸ‰ğŸ‰ğŸ‰",Negative
Love FBc ğŸ’™â¤ï¸,Positive
We want Messi ğŸ˜¢,Neutral
Visca BarÃ§a â¤ğŸ’™,Neutral
VISCA BARCA ğŸ’™â¤ï¸,Neutral
Lamine yamal the goat,Neutral
Lewy of Filex's time is backğŸ¤œğŸ¤›ğŸ’™â¤ï¸â€ğŸ”¥,Neutral
Pedri Rapinha,Neutral
ğŸ’™â¤ï¸ ÙÙŠØ³ÙƒØ§ Ø¨Ø±Ø³Ø§,Neutral
Ù…Ø§Ù†Ø­ØªØ§Ø¬ ÙˆÙŠÙ„ÙŠØ§Ù…Ø²  Ø´ÙŠÙ„ ğŸ¤«,Neutral
Raphina and Ferran button-------->,Neutral
Raphinia today MVP performance,Neutral
The whole team played well todayğŸ’ªğŸ¼ğŸ”¥,Positive
â™¥ï¸ğŸ’™,Neutral
â¤â¤â¤â¤â¤â¤â¤ barca â™¥ï¸â™¥ï¸â™¥ï¸â™¥ï¸â™¥ï¸â™¥ï¸,Neutral
Lewaaa,Neutral
Visca BarÃ§a y Visca CataluÃ±a te quiero BarÃ§a,Neutral
Let him cooked â¤ï¸â¤ï¸ğŸ’™ğŸ˜’,Neutral
â¤â¤â¤â¤,Neutral
Under 10 comments gang,Neutral
The comment with the most likes is gay â¤ğŸ‰,Positive
ÙÙŠØ³ÙƒØ§ Ø§Ù„Ø¨Ø§Ø±Ø³Ø§ ğŸ’™â™¥ï¸ğŸ’ª.,Neutral
Raphihna played really well today,Positive
First comment,Positive
Why so late,Negative
Vesca barsağŸ”´ğŸ”µâœ¨ğŸ˜,Neutral
Vamosss visca barÃ§a,Neutral
Lamine and Balde Cooked today  ğŸ”¥,Neutral
Let's goo Barcelonaâ¤,Neutral
Visca BarÃ§a â¤ï¸ğŸ’™ empezÃ³ la nueva eraâ¤â¤â¤,Neutral
